NET_RATING_ADJUSTED,OFF_RATING_ADJUSTED,DEF_RATING_ADJUSTED,TS_PCT,EFG_PCT,PLAYER_NAME,TEAM_ABBREVIATION,COMPOSITE_SCORE
12.064705882352941,4.294117647058812,7.78235294117647,0.5741804511278196,0.5454461152882205,Seth Curry,CHA,3.7285147204943767
9.792857142857143,6.564285714285717,3.2285714285714278,0.5741804511278196,0.5454461152882205,Chris Boucher,TOR,3.0463930777147765
9.62142857142857,8.749999999999986,0.8714285714285808,0.5741804511278196,0.5454461152882205,Neemias Queta,BOS,3.0090508964291565
9.492307692307692,3.9769230769230717,5.623076923076923,0.5741804511278196,0.5454461152882205,OG Anunoby,NYK,2.9522852865478795
9.466666666666667,0.8416666666666686,8.608333333333334,0.5741804511278196,0.5454461152882205,Devonte' Graham,SAS,2.904204175507059
8.827272727272728,7.845454545454558,0.9636363636363683,0.5741804511278196,0.5454461152882205,Nikola Jokić,DEN,2.756720258370093
8.592307692307692,6.076923076923066,2.5230769230769283,0.5741804511278196,0.5454461152882205,Isaiah Hartenstein,NYK,2.676268238354957
8.492307692307692,7.07692307692308,1.423076923076934,0.5741804511278196,0.5454461152882205,Jusuf Nurkić,PHX,2.6525744057617135
8.327272727272728,7.845454545454558,0.5636363636363626,0.5741804511278196,0.5454461152882205,Kentavious Caldwell-Pope,DEN,2.618334076553466
8.461538461538462,1.0538461538461519,7.3923076923077105,0.5741804511278196,0.5454461152882205,Jonathan Isaac,ORL,2.5978718564411687
8.391666666666667,4.625,3.6499999999999915,0.5741804511278196,0.5454461152882205,Dante Exum,DAL,2.5862596733644465
8.414285714285715,0.6357142857142861,7.671428571428578,0.5741804511278196,0.5454461152882205,Robert Covington,PHI,2.5668824065127818
8.121428571428572,2.778571428571425,5.328571428571422,0.5741804511278196,0.5454461152882205,Day'Ron Sharpe,BKN,2.505801093437272
7.976923076923077,6.123076923076923,1.8461538461538538,0.5741804511278196,0.5454461152882205,Paul George,LAC,2.4857384938864544
7.7214285714285715,1.9500000000000028,5.771428571428572,0.5741804511278196,0.5454461152882205,Svi Mykhailiuk,BOS,2.3795915224040516
7.433333333333334,2.583333333333343,4.958333333333343,0.5741804511278196,0.5454461152882205,Jose Alvarado,NOP,2.311774721388557
7.341666666666667,2.6000000000000085,4.75,0.5741804511278196,0.5454461152882205,Jock Landale,HOU,2.268975042026721
7.192307692307692,6.976923076923072,0.22307692307693117,0.5741804511278196,0.5454461152882205,Jalen Brunson,NYK,2.2535265639382738
7.322222222222221,1.49444444444444,5.74444444444444,0.5741804511278196,0.5454461152882205,Quentin Grimes,DET,2.24174363525035
7.1416666666666675,0.29999999999999716,6.950000000000003,0.5741804511278196,0.5454461152882205,Tari Eason,HOU,2.2065344505606626
7.076923076923077,4.223076923076917,2.846153846153854,0.5741804511278196,0.5454461152882205,Kawhi Leonard,LAC,2.1967531305157504
7.15625,-0.6937500000000085,7.856250000000003,0.5741804511278196,0.5454461152882205,Lamar Stevens,MEM,2.1889624945722526
6.821428571428572,5.921428571428578,0.914285714285711,0.5741804511278196,0.5454461152882205,Shai Gilgeous-Alexander,OKC,2.133523047670075
6.792857142857144,4.164285714285711,2.6285714285714192,0.5741804511278196,0.5454461152882205,Jakob Poeltl,TOR,2.11044010092471
6.74,4.200000000000003,2.6399999999999864,0.5741804511278196,0.5454461152882205,Nikola Jović,MIA,2.109317999256594
6.722222222222221,6.394444444444446,0.34444444444443434,0.5741804511278196,0.5454461152882205,Simone Fontecchio,DET,2.1067635651636705
6.575,4.933333333333323,1.74166666666666,0.5741804511278196,0.5454461152882205,Lauri Markkanen,UTA,2.0638535304445074
6.614285714285715,4.835714285714289,1.7714285714285722,0.5741804511278196,0.5454461152882205,Joel Embiid,PHI,2.0593278086649556
6.375000000000001,4.933333333333323,1.4416666666666629,0.5741804511278196,0.5454461152882205,Kris Dunn,UTA,1.9877419584001155
6.392857142857143,3.7642857142857196,2.6285714285714192,0.5741804511278196,0.5454461152882205,Immanuel Quickley,TOR,1.985090474392227
6.314285714285714,7.035714285714292,-0.7285714285714278,0.5741804511278196,0.5454461152882205,De'Anthony Melton,PHI,1.9826873479471263
6.161538461538462,4.361538461538473,1.892307692307682,0.5741804511278196,0.5454461152882205,Damian Lillard,MIL,1.932044695487916
6.109090909090909,3.200000000000003,2.8999999999999915,0.5741804511278196,0.5454461152882205,Trey Lyles,SAC,1.8928683854928225
6.084615384615385,-1.2692307692307736,7.476923076923086,0.5741804511278196,0.5454461152882205,Dean Wade,CLE,1.8739089667615159
5.864705882352942,5.39411764705882,0.4823529411764724,0.5741804511278196,0.5454461152882205,Vasilije Micic,CHA,1.8363210460509496
6.033333333333333,-0.12499999999998579,6.075000000000003,0.5741804511278196,0.5454461152882205,Patrick Baldwin Jr.,WAS,1.8355423504872355
5.861538461538461,4.761538461538464,1.0923076923076849,0.5741804511278196,0.5454461152882205,Giannis Antetokounmpo,MIL,1.8280700686467077
5.727272727272727,5.24545454545455,0.4636363636363683,0.5741804511278196,0.5454461152882205,Aaron Gordon,DEN,1.7887350045796446
5.764705882352941,1.1941176470588175,4.582352941176467,0.5741804511278196,0.5454461152882205,JT Thor,CHA,1.7764939543601124
5.44,3.1000000000000085,2.339999999999989,0.5741804511278196,0.5454461152882205,Kevin Love,MIA,1.6884949542478707
5.227272727272727,6.145454545454555,-0.8363636363636431,0.5741804511278196,0.5454461152882205,Jamal Murray,DEN,1.6566026560683702
5.281249999999999,4.556250000000006,0.625,0.5741804511278196,0.5454461152882205,Malcolm Brogdon,POR,1.6351424781363895
5.266666666666667,2.8416666666666686,2.4083333333333314,0.5741804511278196,0.5454461152882205,Tre Jones,SAS,1.6311150596861768
5.192307692307692,2.9769230769230717,2.223076923076931,0.5741804511278196,0.5454461152882205,Josh Hart,NYK,1.6128810239306255
5.127272727272727,5.645454545454555,-0.5363636363636317,0.5741804511278196,0.5454461152882205,Michael Porter Jr.,DEN,1.6076592684535325
5.092307692307692,5.876923076923077,-0.7769230769230688,0.5741804511278196,0.5454461152882205,Devin Booker,PHX,1.6023897283153459
5.05625,2.5062499999999943,2.65625,0.5741804511278196,0.5454461152882205,Marcus Smart,MEM,1.5825315842542345
5.084615384615384,2.7307692307692264,2.3769230769230916,0.5741804511278196,0.5454461152882205,Donovan Mitchell,CLE,1.5804519192806998
4.991666666666667,3.5249999999999915,1.5499999999999972,0.5741804511278196,0.5454461152882205,Kyrie Irving,DAL,1.5664228653106864
5.061538461538461,3.261538461538464,1.6923076923076934,0.5741804511278196,0.5454461152882205,Malik Beasley,MIL,1.557680223498238
4.964705882352941,-1.2058823529411882,6.082352941176467,0.5741804511278196,0.5454461152882205,Leaky Black,CHA,1.4998502759062884
4.733333333333333,-0.9249999999999972,5.674999999999997,0.5741804511278196,0.5454461152882205,Jared Butler,WAS,1.4464569156056388
4.691666666666666,0.42499999999999716,4.249999999999986,0.5741804511278196,0.5454461152882205,Maxi Kleber,DAL,1.4381277756153317
4.592307692307692,5.476923076923072,-0.9769230769230717,0.5741804511278196,0.5454461152882205,Julius Randle,NYK,1.4315710660043275
4.615384615384615,2.3615384615384585,2.2461538461538453,0.5741804511278196,0.5454461152882205,Bogdan Bogdanović,ATL,1.4295400355963375
4.621428571428571,1.5214285714285722,3.114285714285714,0.5741804511278196,0.5454461152882205,Isaiah Joe,OKC,1.4288129536616612
4.476923076923077,5.8230769230769255,-1.2538461538461547,0.5741804511278196,0.5454461152882205,James Harden,LAC,1.4259916129922523
4.615384615384616,0.7153846153846075,3.907692307692301,0.5741804511278196,0.5454461152882205,Jarred Vanderbilt,LAL,1.4203824002449068
4.521428571428571,3.1214285714285808,1.414285714285711,0.5741804511278196,0.5454461152882205,Chet Holmgren,OKC,1.409288343271984
4.44,4.400000000000006,0.03999999999999204,0.5741804511278196,0.5454461152882205,Jimmy Butler III,MIA,1.3911029063636708
4.392307692307692,5.57692307692308,-1.1769230769230745,0.5741804511278196,0.5454461152882205,Grayson Allen,PHX,1.3858073633525432
4.461538461538462,2.0615384615384613,2.392307692307682,0.5741804511278196,0.5454461152882205,Brook Lopez,MIL,1.3803130610086145
4.38125,0.7562500000000085,3.625,0.5741804511278196,0.5454461152882205,Toumani Camara,POR,1.3477810773003946
4.321428571428572,2.6214285714285808,1.7142857142857082,0.5741804511278196,0.5454461152882205,Jalen Williams,OKC,1.3445289189039573
4.35,1.0250000000000057,3.3416666666666686,0.5741804511278196,0.5454461152882205,Dalen Terry,CHI,1.3425438320814402
4.2153846153846155,4.515384615384619,-0.2923076923076877,0.5741804511278196,0.5454461152882205,LeBron James,LAL,1.3242173291374024
4.184615384615384,4.57692307692308,-0.37692307692307736,0.5741804511278196,0.5454461152882205,Tyrese Haliburton,IND,1.316356968936426
4.192857142857143,3.164285714285711,1.028571428571425,0.5741804511278196,0.5454461152882205,Scottie Barnes,TOR,1.3067854543397446
4.175000000000001,1.6333333333333258,2.5416666666666714,0.5741804511278196,0.5454461152882205,Johnny Juzang,UTA,1.2906754384315786
4.092307692307692,4.6769230769230745,-0.576923076923066,0.5741804511278196,0.5454461152882205,Kevin Durant,PHX,1.2876259212496124
4.114285714285715,2.864285714285714,1.2714285714285865,0.5741804511278196,0.5454461152882205,Brandin Podziemski,GSW,1.2838016717817897
4.092857142857143,4.164285714285711,-0.07142857142858361,0.5741804511278196,0.5454461152882205,RJ Barrett,TOR,1.283091621746497
4.022222222222221,3.694444444444443,0.34444444444443434,0.5741804511278196,0.5454461152882205,Isaiah Stewart,DET,1.2606535860694013
4.133333333333333,0.6833333333333513,3.3583333333333485,0.5741804511278196,0.5454461152882205,Naji Marshall,NOP,1.257715488611876
4.014285714285714,0.06428571428571672,3.971428571428575,0.5741804511278196,0.5454461152882205,Gary Payton II,GSW,1.233702765232611
3.976923076923077,2.92307692307692,0.9461538461538481,0.5741804511278196,0.5454461152882205,Norman Powell,LAC,1.2229746919870281
3.9214285714285717,0.12142857142858077,3.914285714285711,0.5741804511278196,0.5454461152882205,Kenrich Williams,OKC,1.2194135141716584
3.8916666666666666,3.5249999999999915,0.3499999999999943,0.5741804511278196,0.5454461152882205,Luka Dončić,DAL,1.2145284668735556
3.92,-2.25,6.190000000000012,0.5741804511278196,0.5454461152882205,Jordan McLaughlin,MIN,1.1885181382608576
3.909090909090909,-0.29999999999999716,4.099999999999994,0.5741804511278196,0.5454461152882205,Keon Ellis,SAC,1.179585625277089
3.7214285714285706,4.521428571428572,-0.8857142857142861,0.5741804511278196,0.5454461152882205,Josh Giddey,OKC,1.1590497387740908
3.5769230769230775,2.023076923076914,1.5461538461538424,0.5741804511278196,0.5454461152882205,Ivica Zubac,LAC,1.1089772131309086
3.55,-1.875,5.441666666666677,0.5741804511278196,0.5454461152882205,Jevon Carter,CHI,1.077252301303984
3.421428571428571,1.3499999999999943,2.0714285714285836,0.5741804511278196,0.5454461152882205,Sam Hauser,BOS,1.0577932407685156
3.3615384615384616,4.153846153846146,-0.8076923076922924,0.5741804511278196,0.5454461152882205,Joe Ingles,ORL,1.0566434882674225
3.384615384615384,2.130769230769218,1.276923076923083,0.5741804511278196,0.5454461152882205,Max Strus,CLE,1.0553595805575136
3.321428571428571,4.821428571428584,-1.4857142857142804,0.5741804511278196,0.5454461152882205,Luguentz Dort,OKC,1.0533907043251116
3.264705882352941,4.494117647058815,-1.3176470588235247,0.5741804511278196,0.5454461152882205,Grant Williams,CHA,1.018534770320571
3.2214285714285715,-0.12142857142856656,3.4285714285714164,0.5741804511278196,0.5454461152882205,Dennis Smith Jr.,BKN,0.9989920752722399
3.091666666666667,4.5249999999999915,-1.4500000000000028,0.5741804511278196,0.5454461152882205,Dereck Lively II,DAL,0.9763368804192917
3.084615384615384,2.776923076923069,0.3230769230769255,0.5741804511278196,0.5454461152882205,Myles Turner,IND,0.9667814034012638
3.1142857142857148,0.9642857142857082,2.171428571428578,0.5741804511278196,0.5454461152882205,Draymond Green,GSW,0.9641737721452247
3.0153846153846153,3.615384615384613,-0.5923076923076991,0.5741804511278196,0.5454461152882205,D'Angelo Russell,LAL,0.9502530606417308
3.0153846153846153,3.615384615384613,-0.6923076923076934,0.5741804511278196,0.5454461152882205,Anthony Davis,LAL,0.9354265611290585
2.9153846153846152,3.2153846153846075,-0.1923076923076934,0.5741804511278196,0.5454461152882205,Rui Hachimura,LAL,0.9316575424194987
2.95,2.2249999999999943,0.7416666666666742,0.5741804511278196,0.5454461152882205,Andre Drummond,CHI,0.9218867687665393
2.9812499999999993,-0.04375000000000284,3.0250000000000057,0.5741804511278196,0.5454461152882205,Kris Murray,POR,0.9132266066402667
2.7928571428571436,4.26428571428572,-1.3714285714285808,0.5741804511278196,0.5454461152882205,Gary Trent Jr.,TOR,0.9002600201702565
2.85625,2.40625,0.45624999999999716,0.5741804511278196,0.5454461152882205,Vince Williams Jr.,MEM,0.8928744165253862
2.9222222222222216,1.0944444444444485,1.74444444444444,0.5741804511278196,0.5454461152882205,Ausar Thompson,DET,0.890692558083478
2.966666666666667,-0.15833333333333144,3.0083333333333258,0.5741804511278196,0.5454461152882205,Victor Wembanyama,SAS,0.8906641150408888
2.821428571428571,2.8499999999999943,-0.028571428571424917,0.5741804511278196,0.5454461152882205,Payton Pritchard,BOS,0.8843610786822759
2.9222222222222216,-4.705555555555549,7.74444444444444,0.5741804511278196,0.5454461152882205,Taj Gibson,DET,0.8800430758076668
2.792307692307692,2.1769230769230745,0.5230769230769283,0.5741804511278196,0.5454461152882205,Eric Gordon,PHX,0.8570746910992284
2.8416666666666663,-2.200000000000003,5.049999999999997,0.5741804511278196,0.5454461152882205,Jae'Sean Tate,HOU,0.8567071324344864
2.7214285714285715,1.278571428571425,1.528571428571425,0.5741804511278196,0.5454461152882205,Lonnie Walker IV,BKN,0.8555075790846
2.709090909090909,1.8999999999999915,0.7999999999999972,0.5741804511278196,0.5454461152882205,De'Aaron Fox,SAC,0.8419888376791934
2.7615384615384615,-1.038461538461533,3.7923076923076877,0.5741804511278196,0.5454461152882205,AJ Green,MIL,0.8378489631038993
2.6615384615384614,2.961538461538467,-0.3076923076923066,0.5741804511278196,0.5454461152882205,Khris Middleton,MIL,0.835001241528494
2.5750000000000006,4.333333333333329,-1.75833333333334,0.5741804511278196,0.5454461152882205,Collin Sexton,UTA,0.8191563580938779
2.6846153846153844,0.9769230769230717,1.6230769230769226,0.5741804511278196,0.5454461152882205,Ben Sheppard,IND,0.8168770922144477
2.5846153846153843,2.3307692307692207,0.27692307692308304,0.5741804511278196,0.5454461152882205,Jarrett Allen,CLE,0.8116090311651588
2.615384615384615,1.5615384615384613,1.0461538461538566,0.5741804511278196,0.5454461152882205,Clint Capela,ATL,0.8111303473410544
2.5769230769230775,1.4230769230769198,1.146153846153851,0.5741804511278196,0.5454461152882205,Russell Westbrook,LAC,0.7983826282687453
2.533333333333333,0.9750000000000085,1.5750000000000028,0.5741804511278196,0.5454461152882205,Marvin Bagley III,WAS,0.7855236547346918
2.4923076923076923,0.17692307692307452,2.3230769230769255,0.5741804511278196,0.5454461152882205,Royce O'Neale,PHX,0.7660761744690952
2.4153846153846152,3.461538461538467,-1.0538461538461519,0.5741804511278196,0.5454461152882205,Vít Krejčí,ATL,0.7630478117873
2.4333333333333336,0.4833333333333485,1.9583333333333428,0.5741804511278196,0.5454461152882205,Trey Murphy III,NOP,0.7502291308704099
2.4499999999999997,-0.9749999999999943,3.441666666666677,0.5741804511278196,0.5454461152882205,Alex Caruso,CHI,0.7464382356848799
2.292307692307692,3.6769230769230745,-1.3769230769230774,0.5741804511278196,0.5454461152882205,Donte DiVincenzo,NYK,0.7291115647915222
2.292307692307692,2.776923076923083,-0.4769230769230717,0.5741804511278196,0.5454461152882205,Bradley Beal,PHX,0.7228577314861722
2.3200000000000003,0.15000000000000568,2.190000000000012,0.5741804511278196,0.5454461152882205,Monte Morris,MIN,0.7149144468213751
2.284615384615384,1.4769230769230717,0.8230769230769255,0.5741804511278196,0.5454461152882205,Aaron Nesmith,IND,0.7126077984999889
2.321428571428571,-0.37857142857141923,2.714285714285708,0.5741804511278196,0.5454461152882205,Jaylin Williams,OKC,0.7108320825689225
2.215384615384615,4.661538461538456,-2.4538461538461434,0.5741804511278196,0.5454461152882205,Saddiq Bey,ATL,0.710101183662716
2.0153846153846153,3.9153846153846104,-1.8923076923076962,0.5741804511278196,0.5454461152882205,Spencer Dinwiddie,LAL,0.6459123090849175
2.033333333333333,1.1750000000000114,0.875,0.5741804511278196,0.5454461152882205,Deni Avdija,WAS,0.6337007141399158
1.9647058823529413,0.8941176470588204,1.1823529411764753,0.5741804511278196,0.5454461152882205,Tre Mann,CHA,0.6248194646683333
1.9142857142857137,2.635714285714286,-0.6285714285714334,0.5741804511278196,0.5454461152882205,Nicolas Batum,PHI,0.61866795560247
2.0562500000000004,-2.09375,4.15625,0.5741804511278196,0.5454461152882205,Derrick Rose,MEM,0.6164649598717485
1.8812499999999996,3.456249999999997,-1.6749999999999972,0.5741804511278196,0.5454461152882205,Duop Reath,POR,0.585652671057283
1.8153846153846152,4.161538461538456,-2.353846153846149,0.5741804511278196,0.5454461152882205,Onyeka Okongwu,ATL,0.5840566867629696
1.8615384615384616,0.5538461538461519,1.292307692307702,0.5741804511278196,0.5454461152882205,Franz Wagner,ORL,0.5719901110581185
1.7647058823529411,0.6941176470588175,1.0823529411764667,0.5741804511278196,0.5454461152882205,Davis Bertans,CHA,0.5473181518894163
1.666666666666667,5.24166666666666,-3.5916666666666686,0.5741804511278196,0.5454461152882205,Dominick Barlow,SAS,0.5446606429294973
1.7214285714285715,2.450000000000003,-0.7285714285714278,0.5741804511278196,0.5454461152882205,Derrick White,BOS,0.5445136982887744
1.7562500000000005,-0.39375000000001137,2.15625,0.5741804511278196,0.5454461152882205,Jordan Goodwin,MEM,0.5363501473176103
1.7214285714285715,1.3785714285714334,0.3285714285714221,0.5741804511278196,0.5454461152882205,Jalen Wilson,BKN,0.5349505872805917
1.5928571428571434,6.164285714285711,-4.571428571428584,0.5741804511278196,0.5454461152882205,Bruce Brown,TOR,0.5309256224452303
1.666666666666667,1.0416666666666572,0.7083333333333286,0.5741804511278196,0.5454461152882205,Julian Champagnie,SAS,0.5303025870171932
1.74,1.5,0.13999999999998636,0.5741804511278196,0.5454461152882205,Jaime Jaquez Jr.,MIA,0.5287766870222043
1.6846153846153844,0.9769230769230717,0.6230769230769226,0.5741804511278196,0.5454461152882205,T.J. McConnell,IND,0.5104517295558504
1.6222222222222218,-1.1055555555555543,2.8444444444444343,0.5741804511278196,0.5454461152882205,Chimezie Metu,DET,0.5067054375728969
1.5846153846153843,2.3769230769230774,-0.7769230769230688,0.5741804511278196,0.5454461152882205,Obi Toppin,IND,0.5043638779443247
1.581249999999999,1.5562500000000057,0.025000000000005684,0.5741804511278196,0.5454461152882205,Matisse Thybulle,POR,0.4953490247944131
1.5142857142857142,3.335714285714289,-1.9285714285714306,0.5741804511278196,0.5454461152882205,Tyrese Maxey,PHI,0.47130890408451537
1.415384615384615,2.761538461538464,-1.2538461538461547,0.5741804511278196,0.5454461152882205,De'Andre Hunter,ATL,0.46658485607054545
1.45,3.125,-1.7583333333333258,0.5741804511278196,0.5454461152882205,Coby White,CHI,0.45367605857132326
1.4750000000000005,-1.2666666666666657,2.6416666666666657,0.5741804511278196,0.5454461152882205,Walker Kessler,UTA,0.42834921909011436
1.3214285714285712,1.8499999999999943,-0.5285714285714249,0.5741804511278196,0.5454461152882205,Luke Kornet,BOS,0.4177743310217665
1.3142857142857143,-1.335714285714289,2.671428571428578,0.5741804511278196,0.5454461152882205,Moses Moody,GSW,0.3966261009127389
1.276923076923077,0.5230769230769141,0.7461538461538453,0.5741804511278196,0.5454461152882205,Daniel Theis,LAC,0.39377582350721485
1.1812499999999995,3.2562500000000085,-2.075000000000003,0.5741804511278196,0.5454461152882205,Kevin Knox II,POR,0.3845916759744162
1.2214285714285715,0.5214285714285722,0.6142857142857139,0.5741804511278196,0.5454461152882205,Aaron Wiggins,OKC,0.36519151743714395
1.1090909090909093,1.5,-0.30000000000001137,0.5741804511278196,0.5454461152882205,Keegan Murray,SAC,0.3637552754690655
1.15,1.625,-0.5583333333333229,0.5741804511278196,0.5454461152882205,DeMar DeRozan,CHI,0.3513253942648243
1.1214285714285714,0.9785714285714278,0.12857142857141923,0.5741804511278196,0.5454461152882205,Dorian Finney-Smith,BKN,0.34831588821638665
1.114285714285714,0.4642857142857082,0.6714285714285779,0.5741804511278196,0.5454461152882205,Jonathan Kuminga,GSW,0.3478486949917231
1.0400000000000003,1.2000000000000028,-0.1600000000000108,0.5741804511278196,0.5454461152882205,Thomas Bryant,MIA,0.3270208215720761
0.95,2.424999999999997,-1.4583333333333286,0.5741804511278196,0.5454461152882205,Patrick Williams,CHI,0.3104257841838674
0.9090909090909092,2.799999999999997,-1.9000000000000057,0.5741804511278196,0.5454461152882205,Kevin Huerter,SAC,0.2966770181990707
0.9199999999999999,1.25,-0.30999999999998806,0.5741804511278196,0.5454461152882205,Rudy Gobert,MIN,0.29356251313921256
0.9142857142857137,2.035714285714292,-1.1285714285714334,0.5741804511278196,0.5454461152882205,Tobias Harris,PHI,0.29324687122763254
1.014285714285714,-0.9357142857142833,1.8714285714285808,0.5741804511278196,0.5454461152882205,Chris Paul,GSW,0.29265147407153325
0.9142857142857144,2.664285714285711,-1.828571428571422,0.5741804511278196,0.5454461152882205,Stephen Curry,GSW,0.2870242710270806
0.9333333333333336,1.6833333333333513,-0.8416666666666544,0.5741804511278196,0.5454461152882205,Herbert Jones,NOP,0.2841030317769776
0.8615384615384616,1.6538461538461462,-0.8076923076922924,0.5741804511278196,0.5454461152882205,Gary Harris,ORL,0.2732083224393958
0.8400000000000001,1.4000000000000057,-0.5600000000000023,0.5741804511278196,0.5454461152882205,Caleb Martin,MIA,0.267125489774881
0.833333333333333,-0.42499999999999716,1.2750000000000057,0.5741804511278196,0.5454461152882205,Richaun Holmes,WAS,0.2548723530734171
0.776923076923077,1.6230769230769226,-0.853846153846149,0.5741804511278196,0.5454461152882205,Terance Mann,LAC,0.24820671621779308
0.7416666666666667,2.299999999999997,-1.5499999999999972,0.5741804511278196,0.5454461152882205,Fred VanVleet,HOU,0.24448303737819319
0.8153846153846152,-0.6384615384615415,1.4461538461538481,0.5741804511278196,0.5454461152882205,Jalen Johnson,ATL,0.244277546475828
0.6615384615384619,1.9538461538461576,-1.3076923076922924,0.5741804511278196,0.5454461152882205,Moritz Wagner,ORL,0.21400786100946217
0.564705882352941,5.494117647058815,-4.917647058823533,0.5741804511278196,0.5454461152882205,LaMelo Ball,CHA,0.21296149432764336
0.6846153846153844,-0.5230769230769283,1.2230769230769312,0.5741804511278196,0.5454461152882205,Jarace Walker,IND,0.20842981090100732
0.727272727272728,-1.7545454545454504,2.4636363636363683,0.5741804511278196,0.5454461152882205,Justin Holiday,DEN,0.20796726557836442
0.6846153846153844,-3.3230769230769255,4.123076923076923,0.5741804511278196,0.5454461152882205,Isaiah Jackson,IND,0.20379994013036198
0.6222222222222218,2.694444444444443,-2.1555555555555657,0.5741804511278196,0.5454461152882205,Jalen Duren,DET,0.19703214984488396
0.6214285714285719,0.9500000000000028,-0.3285714285714221,0.5741804511278196,0.5454461152882205,Al Horford,BOS,0.19702274385539817
0.6416666666666666,-1.7999999999999972,2.450000000000003,0.5741804511278196,0.5454461152882205,Aaron Holiday,HOU,0.1853508160546194
0.5142857142857142,1.335714285714289,-0.7285714285714278,0.5741804511278196,0.5454461152882205,Paul Reed,PHI,0.18063913310603774
0.5923076923076924,-0.6230769230769226,1.2230769230769312,0.5741804511278196,0.5454461152882205,Josh Okogie,PHX,0.17830902247967076
0.5214285714285718,2.578571428571422,-2.0714285714285836,0.5741804511278196,0.5454461152882205,Dennis Schröder,BKN,0.17557859649740845
0.5750000000000002,-0.1666666666666714,0.74166666666666,0.5741804511278196,0.5454461152882205,Talen Horton-Tucker,UTA,0.1750364662499228
0.5846153846153843,0.7307692307692264,-0.22307692307691696,0.5741804511278196,0.5454461152882205,Caris LeVert,CLE,0.17281388045911059
0.5222222222222213,3.2944444444444514,-2.8555555555555685,0.5741804511278196,0.5454461152882205,Jaden Ivey,DET,0.17055883578259304
0.5199999999999996,-0.25,0.7900000000000063,0.5741804511278196,0.5454461152882205,Nickeil Alexander-Walker,MIN,0.16056931256685267
0.5222222222222213,-0.2055555555555486,0.6444444444444315,0.5741804511278196,0.5454461152882205,Troy Brown Jr.,DET,0.1462383729284461
0.4214285714285708,1.75,-1.328571428571422,0.5741804511278196,0.5454461152882205,Jayson Tatum,BOS,0.1412966342617688
0.4214285714285708,0.8499999999999943,-0.4285714285714164,0.5741804511278196,0.5454461152882205,Kristaps Porziņģis,BOS,0.13504280095641674
0.3222222222222211,3.2944444444444514,-2.955555555555563,0.5741804511278196,0.5454461152882205,Cade Cunningham,DET,0.12410026276354742
0.4153846153846154,-2.984615384615381,3.407692307692301,0.5741804511278196,0.5454461152882205,Christian Wood,LAL,0.10768567349013024
0.2928571428571436,0.664285714285711,-0.37142857142858077,0.5741804511278196,0.5454461152882205,Ochai Agbaji,TOR,0.09435478078968056
0.28125,0.45624999999999716,-0.17499999999999716,0.5741804511278196,0.5454461152882205,Deandre Ayton,POR,0.08935247929836027
0.38124999999999964,-6.2437499999999915,6.724999999999994,0.5741804511278196,0.5454461152882205,Justin Minaya,POR,0.08826520047038368
0.21999999999999975,2.450000000000003,-2.2099999999999937,0.5741804511278196,0.5454461152882205,Anthony Edwards,MIN,0.0874032036853301
0.21538461538461506,2.6615384615384556,-2.4538461538461434,0.5741804511278196,0.5454461152882205,Trae Young,ATL,0.08335305100029464
0.27500000000000036,1.2333333333333343,-1.0583333333333371,0.5741804511278196,0.5454461152882205,Jordan Clarkson,UTA,0.07801054308133065
0.1846153846153844,-0.22307692307693117,0.5230769230769283,0.5741804511278196,0.5454461152882205,Pascal Siakam,IND,0.07212824018616486
0.1200000000000001,2.950000000000003,-2.809999999999988,0.5741804511278196,0.5454461152882205,Karl-Anthony Towns,MIN,0.06023501925577797
0.1846153846153844,-0.06923076923078497,0.27692307692308304,0.5741804511278196,0.5454461152882205,Isaac Okoro,CLE,0.05951127197025226
0.16153846153846185,0.6538461538461462,-0.5076923076922952,0.5741804511278196,0.5454461152882205,Cole Anthony,ORL,0.05176186490576386
0.16666666666666696,0.4416666666666629,-0.3916666666666657,0.5741804511278196,0.5454461152882205,Devin Vassell,SAS,0.03684232180038474
0.1846153846153844,-1.7230769230769312,1.8230769230769255,0.5741804511278196,0.5454461152882205,Andrew Nembhard,IND,0.03205218565189818
0.09285714285714342,2.2642857142857196,-2.2714285714285722,0.5741804511278196,0.5454461152882205,Kelly Olynyk,TOR,0.02936113462147195
0.015384615384614886,2.8615384615384585,-2.853846153846149,0.5741804511278196,0.5454461152882205,Dejounte Murray,ATL,0.02345771920309738
0.021428571428571797,0.9785714285714278,-0.9714285714285751,0.5741804511278196,0.5454461152882205,Mikal Bridges,BKN,0.011247989291930523
0.04000000000000026,-1.5,1.539999999999992,0.5741804511278196,0.5454461152882205,Haywood Highsmith,MIA,0.0018339589974225886
-0.04375000000000018,0.3062499999999915,-0.34375,0.5741804511278196,0.5454461152882205,John Konchar,MEM,-0.010351412897035154
0.02142857142857224,-2.75,2.7714285714285722,0.5741804511278196,0.5454461152882205,Oshae Brissett,BOS,-0.01254267732843097
-0.05999999999999983,0.5,-0.5600000000000023,0.5741804511278196,0.5454461152882205,Tyler Herro,MIA,-0.014911169923209533
-0.07857142857142829,1.4785714285714278,-1.5714285714285836,0.5741804511278196,0.5454461152882205,Cameron Johnson,BKN,-0.015920195137623803
-0.05999999999999983,-0.8999999999999915,0.8399999999999892,0.5741804511278196,0.5454461152882205,Delon Wright,MIA,-0.024639355064868237
-0.11538461538461542,0.3307692307692207,-0.4230769230769198,0.5741804511278196,0.5454461152882205,Darius Garland,CLE,-0.029636855358281096
-0.15833333333333321,-0.8999999999999915,0.75,0.5741804511278196,0.5454461152882205,Amen Thompson,HOU,-0.05353564076690594
-0.3076923076923077,3.076923076923066,-3.3769230769230774,0.5741804511278196,0.5454461152882205,Mitchell Robinson,NYK,-0.07176360032440031
-0.20833333333333348,-2.075000000000003,1.8499999999999943,0.5741804511278196,0.5454461152882205,Derrick Jones Jr.,DAL,-0.08072826059332747
-0.2599999999999998,-1.5,1.2399999999999949,0.5741804511278196,0.5454461152882205,Bam Adebayo,MIA,-0.09009364980015623
-0.2909090909090908,-0.7999999999999972,0.5,0.5741804511278196,0.5454461152882205,Sasha Vezenkov,SAC,-0.09604875021265258
-0.3857142857142859,0.7642857142857196,-1.1285714285714192,0.5741804511278196,0.5454461152882205,Kevon Looney,GSW,-0.10970473789438667
-0.5187500000000007,0.9562499999999972,-1.375,0.5741804511278196,0.5454461152882205,Jabari Walker,POR,-0.13748695947953837
-0.47777777777777786,0.3944444444444457,-0.8555555555555685,0.5741804511278196,0.5454461152882205,Marcus Sasser,DET,-0.14119126801391085
-0.4785714285714282,-0.7214285714285751,0.22857142857142776,0.5741804511278196,0.5454461152882205,Keita Bates-Diop,BKN,-0.15377748828081098
-0.4785714285714282,-1.0214285714285722,0.5285714285714249,0.5741804511278196,0.5454461152882205,Trendon Watford,BKN,-0.15586209938259496
-0.5666666666666664,1.88333333333334,-2.4416666666666487,0.5741804511278196,0.5454461152882205,Brandon Ingram,NOP,-0.15931877196372352
-0.5846153846153845,1.7153846153846075,-2.2923076923076877,0.5741804511278196,0.5454461152882205,Austin Reaves,LAL,-0.16608078190718426
-0.5599999999999998,-0.09999999999999432,-0.46000000000000796,0.5741804511278196,0.5454461152882205,Duncan Robinson,MIA,-0.1722930734560762
-0.5785714285714287,-1.1785714285714164,0.6142857142857139,0.5741804511278196,0.5454461152882205,Cason Wallace,OKC,-0.18336043207909924
-0.6666666666666665,2.583333333333343,-3.24166666666666,0.5741804511278196,0.5454461152882205,Jonas Valančiūnas,NOP,-0.18509721565875514
-0.6187500000000004,1.65625,-2.375,0.5741804511278196,0.5454461152882205,Jerami Grant,POR,-0.1929184021999144
-0.6384615384615382,0.1538461538461462,-0.8076923076922924,0.5741804511278196,0.5454461152882205,Goga Bitadze,ORL,-0.19685277705742027
-0.6857142857142857,-0.5357142857142918,-0.12857142857141923,0.5741804511278196,0.5454461152882205,Trayce Jackson-Davis,GSW,-0.21066566146636506
-0.6076923076923076,-4.523076923076914,3.923076923076934,0.5741804511278196,0.5454461152882205,Bol Bol,PHX,-0.21650135703383652
-0.6846153846153846,-3.684615384615384,3.0076923076923094,0.5741804511278196,0.5454461152882205,Max Christie,LAL,-0.2342463180051555
-0.7909090909090908,1.2999999999999972,-2.1000000000000085,0.5741804511278196,0.5454461152882205,Domantas Sabonis,SAC,-0.23466915382946527
-0.833333333333333,0.04166666666665719,-0.7916666666666714,0.5741804511278196,0.5454461152882205,Jeremy Sochan,SAS,-0.24270952330191356
-0.735294117647058,-2.8058823529411825,2.0823529411764667,0.5741804511278196,0.5454461152882205,Aleksej Pokusevski,CHA,-0.24306571761122372
-0.7599999999999998,-1.7999999999999972,1.039999999999992,0.5741804511278196,0.5454461152882205,Patty Mills,MIA,-0.2453909422312389
-0.8230769230769228,0.723076923076917,-1.5538461538461519,0.5741804511278196,0.5454461152882205,Mason Plumlee,LAC,-0.24832769734131596
-0.8187500000000014,-1.84375,1.125,0.5741804511278196,0.5454461152882205,Rayan Rupert,POR,-0.2488709385604347
-0.8384615384615384,0.8615384615384727,-1.7076923076923123,0.5741804511278196,0.5454461152882205,Bobby Portis,MIL,-0.2520798054890847
-0.8666666666666663,1.1833333333333513,-2.041666666666657,0.5741804511278196,0.5454461152882205,CJ McCollum,NOP,-0.25611047333213155
-0.84375,-0.7937500000000028,-0.04375000000000284,0.5741804511278196,0.5454461152882205,Jake LaRavia,MEM,-0.26313527706378725
-0.9500000000000002,0.625,-1.6583333333333314,0.5741804511278196,0.5454461152882205,Nikola Vučević,CHI,-0.2991165709908448
-0.9777777777777779,-0.8055555555555571,-0.15555555555556566,0.5741804511278196,0.5454461152882205,Jontay Porter,DET,-0.3027423937503456
-1.0153846153846158,1.6769230769230745,-2.776923076923069,0.5741804511278196,0.5454461152882205,Jalen Smith,IND,-0.3120326570515313
-1.0785714285714292,0.6499999999999915,-1.7285714285714278,0.5741804511278196,0.5454461152882205,Jrue Holiday,BOS,-0.32598498376600404
-1.0153846153846156,-1.9692307692307764,0.8769230769230916,0.5741804511278196,0.5454461152882205,Evan Mobley,CLE,-0.33622819971070045
-1.15,-0.2750000000000057,-0.8583333333333343,0.5741804511278196,0.5454461152882205,Ayo Dosunmu,CHI,-0.35182897731524454
-1.235294117647058,2.594117647058823,-3.8176470588235247,0.5741804511278196,0.5454461152882205,Brandon Miller,CHA,-0.35875539910840787
-1.21875,-1.6437499999999972,0.42499999999999716,0.5741804511278196,0.5454461152882205,Dalano Banton,POR,-0.38487784240202383
-1.2666666666666666,0.28333333333334565,-1.5416666666666572,0.5741804511278196,0.5454461152882205,Dyson Daniels,NOP,-0.38493445170092344
-1.3187500000000014,-0.34375,-0.875,0.5741804511278196,0.5454461152882205,Shaedon Sharpe,POR,-0.3916605643808133
-1.2437499999999995,-1.6937500000000085,0.45624999999999716,0.5741804511278196,0.5454461152882205,GG Jackson,MEM,-0.3919592554325791
-1.185714285714286,-5.035714285714292,3.8714285714285808,0.5741804511278196,0.5454461152882205,Lester Quinones,GSW,-0.395147509322424
-1.34375,2.206249999999997,-3.543750000000003,0.5741804511278196,0.5454461152882205,Desmond Bane,MEM,-0.3955018473752458
-1.3384615384615381,-1.146153846153851,-0.10769230769228955,0.5741804511278196,0.5454461152882205,Wendell Carter Jr.,ORL,-0.40555734618016187
-1.2666666666666666,-3.0166666666666515,1.75833333333334,0.5741804511278196,0.5454461152882205,Larry Nance Jr.,NOP,-0.4078651738205476
-1.284615384615385,-2.1384615384615415,0.8461538461538538,0.5741804511278196,0.5454461152882205,Garrison Mathews,ATL,-0.40963877061614573
-1.3666666666666671,0.7750000000000057,-2.125,0.5741804511278196,0.5454461152882205,Landry Shamet,WAS,-0.4109250003683614
-1.38,0.3500000000000085,-1.7099999999999937,0.5741804511278196,0.5454461152882205,Mike Conley,MIN,-0.4174696542809128
-1.4437499999999996,1.40625,-2.84375,0.5741804511278196,0.5454461152882205,Yuta Watanabe,MEM,-0.4317033465791953
-1.4437499999999996,0.6062499999999886,-2.043750000000003,0.5741804511278196,0.5454461152882205,Jaren Jackson Jr.,MEM,-0.4372623095172882
-1.4437499999999996,0.5062499999999943,-1.9437499999999943,0.5741804511278196,0.5454461152882205,Trey Jemison III,MEM,-0.43795717988454735
-1.4384615384615382,-0.14615384615385096,-1.3076923076922924,0.5741804511278196,0.5454461152882205,Jalen Suggs,ORL,-0.4440776782860817
-1.4583333333333333,1.6000000000000085,-3.1500000000000057,0.5741804511278196,0.5454461152882205,Alperen Sengun,HOU,-0.4493433525542229
-1.38,-2.25,0.7900000000000063,0.5741804511278196,0.5454461152882205,Naz Reid,MIN,-0.4503627833423821
-1.5333333333333332,0.4416666666666629,-1.8916666666666657,0.5741804511278196,0.5454461152882205,Keldon Johnson,SAS,-0.4544277956938846
-1.4909090909090907,0.5,-2.0,0.5741804511278196,0.5454461152882205,Malik Monk,SAC,-0.4547258706285724
-1.4076923076923078,-3.623076923076937,2.223076923076931,0.5741804511278196,0.5454461152882205,Miles McBride,NYK,-0.45538781385536636
-1.5249999999999995,1.5333333333333314,-3.058333333333337,0.5741804511278196,0.5454461152882205,John Collins,UTA,-0.4566439990896879
-1.5352941176470587,0.1941176470588175,-1.7176470588235304,0.5741804511278196,0.5454461152882205,Cody Martin,CHA,-0.4673598967202612
-1.4777777777777779,-2.50555555555556,1.0444444444444372,0.5741804511278196,0.5454461152882205,Stanley Umude,DET,-0.4677678713230871
-1.6187500000000004,3.7562500000000085,-5.375,0.5741804511278196,0.5454461152882205,Anfernee Simons,POR,-0.46992498763334917
-1.5384615384615383,0.06153846153846132,-1.607692307692318,0.5741804511278196,0.5454461152882205,Pat Connaughton,MIL,-0.4721365222881962
-1.3857142857142861,-5.0642857142857025,3.5714285714285694,0.5741804511278196,0.5454461152882205,Danuel House Jr.,PHI,-0.47569375847536804
-1.5777777777777793,-1.8055555555555571,0.24444444444444002,0.5741804511278196,0.5454461152882205,Malachi Flynn,DET,-0.49354631501811674
-1.6153846153846154,1.2307692307692264,-2.92307692307692,0.5741804511278196,0.5454461152882205,Georges Niang,CLE,-0.49784756555349713
-1.5727272727272723,-2.5545454545454476,0.9636363636363683,0.5741804511278196,0.5454461152882205,Reggie Jackson,DEN,-0.5023700314744998
-1.6083333333333334,-1.375,-0.2500000000000142,0.5741804511278196,0.5454461152882205,Dwight Powell,DAL,-0.5048596757445352
-1.6666666666666665,-0.21666666666665435,-1.4416666666666487,0.5741804511278196,0.5454461152882205,Zion Williamson,NOP,-0.5109789486006678
-1.6333333333333329,-3.458333333333343,1.808333333333323,0.5741804511278196,0.5454461152882205,Blake Wesley,SAS,-0.5269967757956122
-1.6437499999999998,-1.3937500000000114,-0.34375,0.5741804511278196,0.5454461152882205,Scotty Pippen Jr.,MEM,-0.5272712889069071
-1.7384615384615385,-1.538461538461533,-0.20769230769231228,0.5741804511278196,0.5454461152882205,MarJon Beauchamp,MIL,-0.5445395206960953
-1.7666666666666675,-3.624999999999986,1.875,0.5741804511278196,0.5454461152882205,Johnny Davis,WAS,-0.564069441591298
-1.8785714285714286,1.4785714285714278,-3.3714285714285808,0.5741804511278196,0.5454461152882205,Cam Thomas,BKN,-0.5674858479230985
-1.8384615384615381,-2.346153846153854,0.49230769230770477,0.5741804511278196,0.5454461152882205,Markelle Fultz,ORL,-0.581934971429271
-2.0083333333333333,-0.375,-1.6500000000000057,0.5741804511278196,0.5454461152882205,Tim Hardaway Jr.,DAL,-0.6204811171353594
-2.085714285714286,1.164285714285711,-3.2285714285714135,0.5741804511278196,0.5454461152882205,Klay Thompson,GSW,-0.6278483729449572
-1.9800000000000004,-3.25,1.190000000000012,0.5741804511278196,0.5454461152882205,Kyle Anderson,MIN,-0.6411667046101531
-2.078571428571429,0.25,-2.4285714285714164,0.5741804511278196,0.5454461152882205,Jaylen Brown,BOS,-0.6500163274063168
-2.124999999999999,-2.4666666666666686,0.4416666666666629,0.5741804511278196,0.5454461152882205,Taylor Hendricks,UTA,-0.6534675318626268
-2.166666666666666,0.17500000000001137,-2.325000000000003,0.5741804511278196,0.5454461152882205,Corey Kispert,WAS,-0.6602345126988067
-2.184615384615385,1.0153846153846189,-3.1923076923076934,0.5741804511278196,0.5454461152882205,Taurean Prince,LAL,-0.6612254547317684
-2.2583333333333333,1.5,-3.75,0.5741804511278196,0.5454461152882205,Jalen Green,HOU,-0.6803520135356895
-2.1076923076923078,-5.223076923076931,3.1230769230769226,0.5741804511278196,0.5454461152882205,Jericho Sims,NYK,-0.6810034935925663
-2.2583333333333333,1.2999999999999972,-3.549999999999997,0.5741804511278196,0.5454461152882205,Dillon Brooks,HOU,-0.6817417542702122
-2.278571428571428,-1.6214285714285666,-0.7714285714285722,0.5741804511278196,0.5454461152882205,Nic Claxton,BKN,-0.72642347388431
-2.2727272727272725,-4.554545454545448,2.2636363636363654,0.5741804511278196,0.5454461152882205,Christian Braun,DEN,-0.7307651926807451
-2.3384615384615386,-4.33846153846153,2.092307692307685,0.5741804511278196,0.5454461152882205,Patrick Beverley,MIL,-0.733024609061898
-2.4384615384615382,-0.04615384615384244,-2.407692307692301,0.5741804511278196,0.5454461152882205,Paolo Banchero,ORL,-0.7498081705774177
-2.3846153846153846,-3.184615384615384,0.8076923076923066,0.5741804511278196,0.5454461152882205,Cam Reddish,LAL,-0.7516950826884646
-2.466666666666667,1.1750000000000114,-3.7249999999999943,0.5741804511278196,0.5454461152882205,Kyle Kuzma,WAS,-0.7600399173364445
-2.466666666666667,-1.1249999999999858,-1.3250000000000028,0.5741804511278196,0.5454461152882205,Bilal Coulibaly,WAS,-0.7611954362707829
-2.4437500000000005,0.20624999999999716,-2.7437499999999915,0.5741804511278196,0.5454461152882205,Santi Aldama,MEM,-0.761293653157601
-2.423076923076923,-2.6769230769230745,0.24615384615384528,0.5741804511278196,0.5454461152882205,P.J. Tucker,LAC,-0.7622338700819563
-2.585714285714286,1.9357142857142975,-4.428571428571431,0.5741804511278196,0.5454461152882205,Buddy Hield,PHI,-0.765110268932045
-2.407692307692308,-3.0230769230769283,0.5230769230769283,0.5741804511278196,0.5454461152882205,Precious Achiuwa,NYK,-0.7724704538230679
-2.5153846153846153,-2.369230769230782,-0.12307692307690843,0.5741804511278196,0.5454461152882205,Sam Merrill,CLE,-0.7838192256549696
-2.5666666666666664,-0.12499999999998579,-2.424999999999997,0.5741804511278196,0.5454461152882205,Jordan Poole,WAS,-0.7848892688640284
-2.7153846153846155,0.13076923076921787,-2.8230769230769113,0.5741804511278196,0.5454461152882205,Tristan Thompson,CLE,-0.827732539005156
-2.877777777777778,-0.10555555555555429,-2.75555555555556,0.5741804511278196,0.5454461152882205,Killian Hayes,DET,-0.88008649023085
-2.935294117647059,-0.0058823529411853315,-2.9176470588235333,0.5741804511278196,0.5454461152882205,Nick Richards,CHA,-0.897745145176821
-2.9437500000000005,0.40625,-3.34375,0.5741804511278196,0.5454461152882205,Luke Kennard,MEM,-0.8982900942397049
-2.8846153846153846,-4.6384615384615415,1.7461538461538453,0.5741804511278196,0.5454461152882205,Wesley Matthews,ATL,-0.9172911100514362
-3.1352941176470583,1.6941176470588175,-4.817647058823525,0.5741804511278196,0.5454461152882205,Miles Bridges,CHA,-0.9472174214650959
-3.085714285714286,0.26428571428571956,-3.4285714285714164,0.5741804511278196,0.5454461152882205,Andrew Wiggins,GSW,-0.9553540684215789
-3.2800000000000002,0.8500000000000085,-4.109999999999999,0.5741804511278196,0.5454461152882205,Jaden McDaniels,MIN,-0.996203491495942
-3.290909090909091,-0.6000000000000085,-2.6000000000000085,0.5741804511278196,0.5454461152882205,Harrison Barnes,SAC,-0.9991085979412518
-3.2500000000000004,-1.9749999999999943,-1.2583333333333258,0.5741804511278196,0.5454461152882205,Zach LaVine,CHI,-1.0071350351417387
-3.2583333333333333,-1.7000000000000028,-1.5499999999999972,0.5741804511278196,0.5454461152882205,Cam Whitmore,HOU,-1.0090132279466497
-3.366666666666667,2.075000000000003,-5.424999999999997,0.5741804511278196,0.5454461152882205,Tyus Jones,WAS,-1.0147424109111587
-3.1666666666666665,-6.816666666666649,3.6583333333333456,0.5741804511278196,0.5454461152882205,Matt Ryan,NOP,-1.0164784368278121
-3.325,-3.066666666666677,-0.25833333333333997,0.5741804511278196,0.5454461152882205,Keyonte George,UTA,-1.0401736887691866
-3.385714285714286,-0.9357142857142833,-2.4285714285714164,0.5741804511278196,0.5454461152882205,Dario Saric,GSW,-1.0407936221136216
-3.3384615384615386,-2.738461538461536,-0.607692307692318,0.5741804511278196,0.5454461152882205,Jae Crowder,MIL,-1.0431585453569885
-3.3785714285714286,-4.978571428571428,1.6142857142857139,0.5741804511278196,0.5454461152882205,Ousmane Dieng,OKC,-1.0677565214791045
-3.4384615384615382,-3.946153846153848,0.5923076923076991,0.5741804511278196,0.5454461152882205,Anthony Black,ORL,-1.068506978046535
-3.435294117647059,-3.905882352941177,0.3823529411764639,0.5741804511278196,0.5454461152882205,Nick Smith Jr.,CHA,-1.092884270341984
-3.4857142857142858,-4.264285714285705,0.7714285714285722,0.5741804511278196,0.5454461152882205,KJ Martin,PHI,-1.0988015576076589
-3.585714285714286,-0.8642857142857139,-2.7285714285714278,0.5741804511278196,0.5454461152882205,Kelly Oubre Jr.,PHI,-1.1058185013866342
-3.5785714285714287,-5.221428571428575,1.6285714285714192,0.5741804511278196,0.5454461152882205,Noah Clowney,BKN,-1.1349652790492244
-3.672727272727272,-5.554545454545448,1.8636363636363598,0.5741804511278196,0.5454461152882205,Peyton Watson,DEN,-1.1667094040753956
-3.6846153846153853,-6.438461538461539,2.7461538461538453,0.5741804511278196,0.5454461152882205,Bruno Fernando,ATL,-1.1749390667890178
-3.8153846153846156,-1.4692307692307764,-2.42307692307692,0.5741804511278196,0.5454461152882205,Craig Porter Jr.,CLE,-1.1907448633184678
-4.008333333333334,0.625,-4.650000000000006,0.5741804511278196,0.5454461152882205,Josh Green,DAL,-1.2263831387799409
-3.9857142857142858,-3.5642857142857025,-0.3285714285714221,0.5741804511278196,0.5454461152882205,Kyle Lowry,PHI,-1.2323236468534537
-4.018750000000001,0.35625000000000284,-4.474999999999994,0.5741804511278196,0.5454461152882205,Scoot Henderson,POR,-1.2437979500135414
-3.877777777777778,-8.805555555555557,4.944444444444429,0.5741804511278196,0.5454461152882205,Evan Fournier,DET,-1.2469655748411863
-4.035294117647059,-3.0058823529411853,-1.0176470588235276,0.5741804511278196,0.5454461152882205,Bryce McGowens,CHA,-1.2556591551191174
-4.108333333333333,-2.174999999999997,-1.8500000000000085,0.5741804511278196,0.5454461152882205,Daniel Gafford,DAL,-1.261655545816445
-4.04375,-3.4937500000000057,-0.5437500000000028,0.5741804511278196,0.5454461152882205,Ziaire Williams,MEM,-1.2624579374873552
-4.158333333333333,-0.3999999999999915,-3.75,0.5741804511278196,0.5454461152882205,Jabari Smith Jr.,HOU,-1.2757627395649886
-4.2384615384615385,-2.5461538461538424,-1.707692307692298,0.5741804511278196,0.5454461152882205,Caleb Houstan,ORL,-1.3187455825444259
-4.190909090909091,-5.200000000000003,1.0,0.5741804511278196,0.5454461152882205,Davion Mitchell,SAC,-1.321681960740682
-4.2846153846153845,-3.2846153846153925,-1.092307692307699,0.5741804511278196,0.5454461152882205,Jaxson Hayes,LAL,-1.349424641619736
-4.523076923076923,-0.4769230769230859,-4.053846153846152,0.5741804511278196,0.5454461152882205,Amir Coffey,LAC,-1.3904399835852626
-4.485714285714286,-2.5642857142857025,-1.9285714285714306,0.5741804511278196,0.5454461152882205,Cameron Payne,PHI,-1.3934141240228133
-4.46,-6.199999999999989,1.7399999999999949,0.5741804511278196,0.5454461152882205,Jamal Cain,MIA,-1.4097390802275462
-4.607692307692307,1.276923076923083,-5.976923076923072,0.5741804511278196,0.5454461152882205,Thaddeus Young,PHX,-1.4167268258797425
-4.785714285714286,-0.4357142857142833,-4.328571428571422,0.5741804511278196,0.5454461152882205,Cory Joseph,GSW,-1.466314777999352
-4.708333333333333,-3.2750000000000057,-1.4500000000000028,0.5741804511278196,0.5454461152882205,P.J. Washington,DAL,-1.4679808369641514
-4.690909090909091,-4.299999999999997,-0.4000000000000057,0.5741804511278196,0.5454461152882205,Chris Duarte,SAC,-1.4686408087646285
-4.8076923076923075,-5.123076923076923,0.423076923076934,0.5741804511278196,0.5454461152882205,Drew Eubanks,PHX,-1.4928306028908416
-4.915384615384616,-2.8230769230769255,-2.07692307692308,0.5741804511278196,0.5454461152882205,Bennedict Mathurin,IND,-1.5235342384341497
-4.933333333333333,-2.1583333333333314,-2.7916666666666714,0.5741804511278196,0.5454461152882205,Malaki Branham,SAS,-1.5291671577945831
-5.15,-0.6749999999999972,-4.358333333333334,0.5741804511278196,0.5454461152882205,Torrey Craig,CHI,-1.5654834099060049
-5.177777777777779,-1.8055555555555571,-3.3555555555555685,0.5741804511278196,0.5454461152882205,James Wiseman,DET,-1.5966776205890683
-5.158333333333333,-2.5999999999999943,-2.6500000000000057,0.5741804511278196,0.5454461152882205,Jeff Green,HOU,-1.6123017498160097
-5.233333333333333,-3.058333333333337,-2.0916666666666686,0.5741804511278196,0.5454461152882205,Zach Collins,SAS,-1.612522100384842
-5.466666666666667,-1.3166666666666487,-4.1416666666666515,0.5741804511278196,0.5454461152882205,Jordan Hawkins,NOP,-1.683038900743212
-5.707142857142856,-9.135714285714286,3.4285714285714164,0.5741804511278196,0.5454461152882205,Garrett Temple,TOR,-1.8122946911535147
-6.06,-2.8999999999999915,-3.160000000000011,0.5741804511278196,0.5454461152882205,Josh Richardson,MIA,-1.877088938361679
-6.115384615384615,-2.4692307692307764,-3.6230769230769084,0.5741804511278196,0.5454461152882205,Marcus Morris Sr.,CLE,-1.8876454015931803
-6.207692307692308,-9.623076923076937,3.42307692307692,0.5741804511278196,0.5454461152882205,Shake Milton,NYK,-1.9679217766523154
-6.307142857142856,-6.335714285714289,0.028571428571424917,0.5741804511278196,0.5454461152882205,Jordan Nwora,TOR,-1.9766935384653548
-6.35,-5.275000000000006,-1.058333333333323,0.5741804511278196,0.5454461152882205,Onuralp Bitim,CHI,-1.9799843815030158
-6.507142857142857,-4.335714285714289,-2.2714285714285722,0.5741804511278196,0.5454461152882205,Gradey Dick,TOR,-2.03890770316452
-6.685714285714286,-7.464285714285708,0.7714285714285722,0.5741804511278196,0.5454461152882205,Mo Bamba,PHI,-2.1015985698675337
-6.707142857142856,-8.535714285714278,1.828571428571422,0.5741804511278196,0.5454461152882205,Jalen McDaniels,TOR,-2.1145508316085415
-6.825,-8.266666666666666,1.4416666666666629,0.5741804511278196,0.5454461152882205,Omer Yurtseven,UTA,-2.148795717171865
-7.033333333333332,-2.058333333333337,-4.991666666666674,0.5741804511278196,0.5454461152882205,Cedi Osman,SAS,-2.1719655490103777
-7.123076923076923,-9.57692307692308,2.446153846153848,0.5741804511278196,0.5454461152882205,Bones Hyland,LAC,-2.250379129918397
-7.818750000000001,-10.643749999999997,2.825000000000003,0.5741804511278196,0.5454461152882205,Ibou Badji,POR,-2.469823569002286
-8.06,-1.3999999999999915,-6.660000000000011,0.5741804511278196,0.5454461152882205,Terry Rozier,MIA,-2.479516608169954
-8.038461538461538,-2.738461538461536,-5.307692307692307,0.5741804511278196,0.5454461152882205,Andre Jackson Jr.,MIL,-2.483357749852394
-8.224999999999998,-3.3666666666666742,-4.858333333333334,0.5741804511278196,0.5454461152882205,Brice Sensabaugh,UTA,-2.543742576898096
-8.278571428571428,-4.878571428571419,-3.4857142857142804,0.5741804511278196,0.5454461152882205,Bismack Biyombo,OKC,-2.583372427651641
-8.284615384615385,-10.638461538461542,2.346153846153854,0.5741804511278196,0.5454461152882205,Trent Forrest,ATL,-2.6136802904435408
-8.408333333333333,-7.9750000000000085,-0.3500000000000085,0.5741804511278196,0.5454461152882205,Jaden Hardy,DAL,-2.619587086549573
-8.535294117647059,-4.60588235294118,-3.9176470588235333,0.5741804511278196,0.5454461152882205,Ish Smith,CHA,-2.645691212958987
-8.678571428571429,-4.221428571428575,-4.371428571428581,0.5741804511278196,0.5454461152882205,Jacob Gilyard,BKN,-2.6759594254227843
-9.138461538461538,-5.938461538461539,-3.2076923076923123,0.5741804511278196,0.5454461152882205,Danilo Gallinari,MIL,-2.842661500529215
-10.007692307692308,-9.123076923076923,-0.8769230769230631,0.5741804511278196,0.5454461152882205,David Roddy,PHX,-3.1288638029186737
-10.084615384615384,-9.184615384615384,-0.8923076923076962,0.5741804511278196,0.5454461152882205,Skylar Mays,LAL,-3.152862597195345
-10.207692307692307,-10.223076923076917,0.023076923076928324,0.5741804511278196,0.5454461152882205,Nassir Little,PHX,-3.1977924494902683
-10.478571428571428,-3.078571428571422,-7.385714285714286,0.5741804511278196,0.5454461152882205,Gordon Hayward,OKC,-3.230174059377179
-10.63529411764706,-11.405882352941177,0.7823529411764696,0.5741804511278196,0.5454461152882205,Nathan Mensah,CHA,-3.336435659515812
-10.807142857142857,-6.835714285714289,-3.8714285714285808,0.5741804511278196,0.5454461152882205,Javon Freeman-Liberty,TOR,-3.3442555227526776
-11.07777777777778,-0.50555555555556,-10.555555555555571,0.5741804511278196,0.5454461152882205,Isaiah Livers,DET,-3.3955539455003962
-11.315384615384616,-6.223076923076931,-5.07692307692308,0.5741804511278196,0.5454461152882205,Doug McDermott,IND,-3.508282151936059
-11.278571428571428,-7.549999999999997,-3.7285714285714278,0.5741804511278196,0.5454461152882205,Jaden Springer,BOS,-3.508503052999125
-12.107692307692307,-6.423076923076934,-5.6769230769230745,0.5741804511278196,0.5454461152882205,Alec Burks,NYK,-3.753595564585676
-12.07857142857143,-8.678571428571416,-3.385714285714286,0.5741804511278196,0.5454461152882205,Mike Muscala,OKC,-3.759367380197569
-12.807692307692308,-4.3230769230769255,-8.476923076923072,0.5741804511278196,0.5454461152882205,Bojan Bogdanovic,NYK,-3.953501040734204
-12.772727272727273,-8.954545454545453,-3.836363636363643,0.5741804511278196,0.5454461152882205,Julian Strawther,DEN,-3.9788057967555184
-13.672727272727272,-9.354545454545445,-4.336363636363643,0.5741804511278196,0.5454461152882205,DeAndre Jordan,DEN,-4.2573681046173
-13.678571428571429,-13.350000000000009,-0.22857142857142776,0.5741804511278196,0.5454461152882205,Xavier Tillman,BOS,-4.269399905168245
-16.823076923076922,-12.676923076923075,-4.053846153846152,0.5741804511278196,0.5454461152882205,Brandon Boston,LAC,-5.229419629579218
