PLAYER_ID,PLAYER_NAME,SEASON,ON_COURT_NET,OFF_COURT_NET,ON_OFF_DIFF,ON_MIN_TOTAL
2544,LeBron James,2021-22,-2,-3.91,1.91,2082
2544,LeBron James,2022-23,4.2,-2.86,7.06,1950
2544,LeBron James,2023-24,3.19,-5.3,8.49,2507
2546,Carmelo Anthony,2021-22,-3.76,-2.23,-1.53,1791
2730,Dwight Howard,2021-22,-6.22,-1.84,-4.38,974
2738,Andre Iguodala,2021-22,9.98,4.82,5.15,596
2738,Andre Iguodala,2022-23,14.96,1.5,13.46,112
2772,Trevor Ariza,2021-22,-4.15,-2.75,-1.4,458
101108,Chris Paul,2021-22,10.29,5.97,4.32,2143
101108,Chris Paul,2022-23,2.12,3.66,-1.54,1889
101108,Chris Paul,2023-24,2.98,1.49,1.49,1535
101150,Lou Williams,2021-22,0.87,1.71,-0.84,801
200746,LaMarcus Aldridge,2021-22,0.25,0.27,-0.02,1058
200752,Rudy Gay,2021-22,8.12,5.48,2.64,1037
200752,Rudy Gay,2022-23,5.6,-2.11,7.7,820
200765,Rajon Rondo,2021-22,-6.65,0.28,-6.93,700
200768,Kyle Lowry,2023-24,-0.02,2.96,-2.97,1689
200782,P.J. Tucker,2022-23,4.21,5.5,-1.29,1920
200782,P.J. Tucker,2023-24,-0.62,4.05,-4.67,489
200794,Paul Millsap,2021-22,-4,1.19,-5.19,381
201142,Kevin Durant,2021-22,5.79,-5.67,11.46,2054
201142,Kevin Durant,2022-23,6.41,-1.42,7.83,1682
201142,Kevin Durant,2023-24,4.75,-1.18,5.93,2779
201143,Al Horford,2021-22,9.54,5.76,3.78,2007
201143,Al Horford,2022-23,9.16,6.51,2.65,1923
201143,Al Horford,2023-24,12.18,11.39,0.79,1739
201144,Mike Conley,2021-22,7.9,4.29,3.6,2059
201144,Mike Conley,2022-23,1.88,-0.92,2.8,2033
201144,Mike Conley,2023-24,5.91,7.5,-1.59,2186
201145,Jeff Green,2021-22,2.14,3.46,-1.32,1849
201145,Jeff Green,2022-23,-8.91,7.01,-15.92,1094
201145,Jeff Green,2023-24,-1.92,3.89,-5.81,1305
201152,Thaddeus Young,2021-22,0.1,1.26,-1.16,843
201152,Thaddeus Young,2022-23,-5.22,3.12,-8.34,796
201152,Thaddeus Young,2023-24,-4.2,-3.95,-0.25,443
201565,Derrick Rose,2021-22,6.25,-0.75,6.99,636
201565,Derrick Rose,2022-23,-2.37,3.8,-6.17,338
201565,Derrick Rose,2023-24,-0.88,-5.8,4.92,402
201566,Russell Westbrook,2021-22,-3.74,-1.24,-2.5,2668
201566,Russell Westbrook,2022-23,-0.43,1.78,-2.21,2122
201566,Russell Westbrook,2023-24,4.25,2.61,1.64,1528
201567,Kevin Love,2021-22,0.46,2.24,-1.79,1668
201567,Kevin Love,2022-23,2.89,6.52,-3.62,822
201567,Kevin Love,2023-24,5.02,0.41,4.61,923
201568,Danilo Gallinari,2021-22,2.75,0.63,2.12,1672
201568,Danilo Gallinari,2023-24,-8.73,-5.15,-3.57,631
201569,Eric Gordon,2021-22,-5.13,-9.55,4.42,1671
201569,Eric Gordon,2022-23,-5.05,-5.82,0.77,1963
201569,Eric Gordon,2023-24,3.59,2.45,1.14,1895
201571,D.J. Augustin,2021-22,-10.59,-5,-5.59,880
201572,Brook Lopez,2021-22,-3.52,3.03,-6.55,301
201572,Brook Lopez,2022-23,5.76,-5.15,10.91,2366
201572,Brook Lopez,2023-24,4.67,-1.1,5.77,2415
201577,Robin Lopez,2021-22,-4.82,-8.11,3.29,611
201577,Robin Lopez,2022-23,-8.1,6.89,-14.99,297
201577,Robin Lopez,2023-24,-16.29,2.72,-19.01,65
201580,JaVale McGee,2021-22,6.24,9.2,-2.96,1172
201580,JaVale McGee,2022-23,-5.4,0.88,-6.28,356
201580,JaVale McGee,2023-24,-1.17,2.11,-3.28,341
201586,Serge Ibaka,2021-22,-2.43,1.72,-4.15,880
201586,Serge Ibaka,2022-23,-8.52,1.87,-10.39,184
201587,Nicolas Batum,2021-22,-3.23,2.53,-5.76,1463
201587,Nicolas Batum,2022-23,6.25,-1.92,8.17,1715
201587,Nicolas Batum,2023-24,6.02,2.48,3.54,1528
201588,George Hill,2021-22,10.34,-1.11,11.45,1251
201588,George Hill,2022-23,0.85,1.15,-0.3,832
201599,DeAndre Jordan,2021-22,-8.96,-0.12,-8.84,621
201599,DeAndre Jordan,2022-23,-8.13,4.48,-12.62,588
201599,DeAndre Jordan,2023-24,-10.84,7.14,-17.97,397
201609,Goran Dragic,2021-22,-1.17,0.59,-1.76,492
201609,Goran Dragic,2022-23,0.05,1.84,-1.78,869
201933,Blake Griffin,2021-22,-5.34,2.05,-7.4,958
201933,Blake Griffin,2022-23,8.97,7.59,1.38,573
201935,James Harden,2021-22,3.57,0.44,3.13,2432
201935,James Harden,2022-23,6.6,2.87,3.73,2140
201935,James Harden,2023-24,4.5,1.15,3.35,2471
201937,Ricky Rubio,2021-22,8.03,-0.64,8.67,967
201937,Ricky Rubio,2022-23,5.08,5.88,-0.8,568
201939,Stephen Curry,2021-22,11,-1.25,12.25,2206
201939,Stephen Curry,2022-23,5.85,-1.93,7.77,1939
201939,Stephen Curry,2023-24,2.34,1.62,0.72,2418
201942,DeMar DeRozan,2021-22,1.27,-4.03,5.3,2741
201942,DeMar DeRozan,2022-23,1.62,2.41,-0.78,2679
201942,DeMar DeRozan,2023-24,-0.66,-1.41,0.74,2988
201949,James Johnson,2021-22,-2.49,1.45,-3.94,1191
201949,James Johnson,2022-23,0.2,-1.97,2.17,162
201949,James Johnson,2023-24,4.29,4.2,0.09,47
201950,Jrue Holiday,2021-22,7.73,-4.08,11.81,2201
201950,Jrue Holiday,2022-23,7.37,-5.96,13.32,2177
201950,Jrue Holiday,2023-24,9.33,14.92,-5.59,2259
201954,ID_201954,2021-22,-21.13,-2.74,-18.39,38
201959,Taj Gibson,2021-22,4.85,-1.03,5.88,949
201959,Taj Gibson,2022-23,-2.42,-0.71,-1.71,480
201959,Taj Gibson,2023-24,-4.51,2.36,-6.86,207
201961,Wayne Ellington,2021-22,-4.69,-2.46,-2.23,808
201976,Patrick Beverley,2021-22,4.46,2.28,2.19,1478
201976,Patrick Beverley,2022-23,-1.17,2.04,-3.22,1817
201976,Patrick Beverley,2023-24,-1.19,4.35,-5.55,1464
201980,Danny Green,2021-22,2.82,3.01,-0.19,1358
201980,Danny Green,2022-23,-1.16,5.36,-6.53,137
201980,Danny Green,2023-24,7.3,3.87,3.43,20
201988,Patty Mills,2021-22,0.82,-0.54,1.36,2354
201988,Patty Mills,2022-23,-5.93,1.66,-7.59,570
201988,Patty Mills,2023-24,1.12,0.04,1.09,420
202066,Garrett Temple,2021-22,-13.79,4.12,-17.91,1097
202066,Garrett Temple,2022-23,0.7,2.11,-1.41,159
202066,Garrett Temple,2023-24,-10.73,-5.17,-5.56,292
202083,Wesley Matthews,2021-22,7.35,0.89,6.46,1000
202083,Wesley Matthews,2022-23,0.69,1.57,-0.88,823
202083,Wesley Matthews,2023-24,-4.95,-0.91,-4.05,415
202322,John Wall,2022-23,-4.85,3.13,-7.97,758
202324,Derrick Favors,2021-22,-10.56,-7.48,-3.09,658
202326,DeMarcus Cousins,2021-22,1.62,2.95,-1.33,714
202328,ID_202328,2021-22,-6.63,3.49,-10.12,179
202330,Gordon Hayward,2021-22,-0.05,2.27,-2.33,1564
202330,Gordon Hayward,2022-23,-3.07,-6.68,3.61,1575
202330,Gordon Hayward,2023-24,-4.26,-3.37,-0.89,1250
202331,Paul George,2021-22,4.47,-1.12,5.58,1077
202331,Paul George,2022-23,4.96,-1.62,6.58,1947
202331,Paul George,2023-24,8.52,-5.94,14.46,2504
202334,ID_202334,2021-22,3.28,1.39,1.9,203
202339,Eric Bledsoe,2021-22,-1.1,1.19,-2.29,1364
202340,Avery Bradley,2021-22,-4.41,-2.11,-2.3,1397
202355,Hassan Whiteside,2021-22,9.64,4.73,4.9,1161
202357,Nemanja Bjelica,2021-22,4.84,5.91,-1.07,1140
202362,Lance Stephenson,2021-22,-4.94,-0.54,-4.4,815
202397,Ish Smith,2021-22,-6.6,-0.55,-6.06,1125
202397,Ish Smith,2022-23,-3.84,3.34,-7.18,402
202397,Ish Smith,2023-24,-16.22,-7.92,-8.3,741
202681,Kyrie Irving,2021-22,4.85,-1.48,6.33,1095
202681,Kyrie Irving,2022-23,4.79,-1.35,6.14,2246
202681,Kyrie Irving,2023-24,7.12,-2.12,9.24,2031
202683,Enes Freedom,2021-22,9.69,7.43,2.26,410
202684,Tristan Thompson,2021-22,-3.82,-2.86,-0.97,899
202684,Tristan Thompson,2023-24,-1.44,2.85,-4.3,549
202685,Jonas Valančiūnas,2021-22,0.97,-3.25,4.21,2246
202685,Jonas Valančiūnas,2022-23,-0.88,4.95,-5.84,1965
202685,Jonas Valančiūnas,2023-24,3.8,4.63,-0.82,1932
202687,Bismack Biyombo,2021-22,4.83,8.83,-4,510
202687,Bismack Biyombo,2022-23,3.19,2.85,0.34,872
202687,Bismack Biyombo,2023-24,-2.34,-4.65,2.31,792
202688,ID_202688,2021-22,0.88,3.53,-2.65,62
202689,Kemba Walker,2021-22,-8.65,3.22,-11.87,946
202689,Kemba Walker,2022-23,0.18,0.32,-0.14,144
202691,Klay Thompson,2021-22,3.48,6.27,-2.79,938
202691,Klay Thompson,2022-23,3.37,-0.12,3.49,2274
202691,Klay Thompson,2023-24,-0.68,5.78,-6.46,2281
202692,Alec Burks,2021-22,3.04,-3.39,6.42,2316
202692,Alec Burks,2022-23,-0.86,-10.73,9.86,1118
202692,Alec Burks,2023-24,-9.65,-4.13,-5.52,1214
202693,Markieff Morris,2022-23,2.12,0.26,1.86,356
202693,Markieff Morris,2023-24,-14.77,3.65,-18.42,214
202694,Marcus Morris Sr.,2021-22,-4.27,3.44,-7.7,1560
202694,Marcus Morris Sr.,2022-23,0.64,2.43,-1.79,1828
202694,Marcus Morris Sr.,2023-24,-2.01,4.1,-6.1,816
202695,Kawhi Leonard,2022-23,7.96,-3.4,11.36,1751
202695,Kawhi Leonard,2023-24,7.87,-3.42,11.3,2327
202696,Nikola Vučević,2021-22,-1.92,2.13,-4.05,2418
202696,Nikola Vučević,2022-23,-0.1,6.29,-6.38,2743
202696,Nikola Vučević,2023-24,-2.26,1.81,-4.07,2603
202699,Tobias Harris,2021-22,3.38,2.17,1.22,2546
202699,Tobias Harris,2022-23,6,3.1,2.9,2436
202699,Tobias Harris,2023-24,5.01,2.21,2.8,2370
202704,Reggie Jackson,2021-22,-1.27,2.82,-4.08,2340
202704,Reggie Jackson,2022-23,-2.86,3.08,-5.94,1660
202704,Reggie Jackson,2023-24,1.25,8.78,-7.52,1807
202709,Cory Joseph,2021-22,-6.24,-7.29,1.05,1601
202709,Cory Joseph,2022-23,-4.28,-9.59,5.31,1229
202709,Cory Joseph,2023-24,-2.85,2.46,-5.31,293
202710,Jimmy Butler III,2023-24,5.06,-2.35,7.42,2045
202711,Bojan Bogdanovic,2021-22,5.38,7.11,-1.72,2132
202711,Bojan Bogdanovic,2022-23,-8.27,-7.64,-0.63,1894
202711,Bojan Bogdanovic,2023-24,-11.29,-1.5,-9.78,1485
202722,Davis Bertans,2021-22,0.87,-1.11,1.98,809
202722,Davis Bertans,2022-23,-2.23,0.68,-2.91,498
202722,Davis Bertans,2023-24,-6.79,-7.2,0.41,678
202738,Isaiah Thomas,2021-22,-0.8,-0.03,-0.77,319
202738,Isaiah Thomas,2023-24,-38.18,3.2,-41.39,20
202954,Brad Wanamaker,2021-22,-5.39,-1.35,-4.04,316
203076,Anthony Davis,2021-22,-2.26,-3.27,1,1405
203076,Anthony Davis,2022-23,4.63,-3.08,7.71,1902
203076,Anthony Davis,2023-24,1.7,-3.43,5.13,2699
203078,Bradley Beal,2021-22,-3.11,-3.93,0.82,1443
203078,Bradley Beal,2022-23,1.03,-2.35,3.39,1675
203078,Bradley Beal,2023-24,3.33,2.72,0.6,1761
203081,Damian Lillard,2021-22,-1.13,-10.4,9.28,1060
203081,Damian Lillard,2022-23,3.12,-10.72,13.83,2102
203081,Damian Lillard,2023-24,6.55,-5.27,11.82,2579
203082,Terrence Ross,2021-22,-11.43,-5.38,-6.05,1448
203082,Terrence Ross,2022-23,-1.81,-0.29,-1.52,1328
203083,Andre Drummond,2021-22,1.22,2.3,-1.08,1435
203083,Andre Drummond,2022-23,2.53,1.7,0.82,849
203083,Andre Drummond,2023-24,0.87,-1.73,2.61,1350
203084,Harrison Barnes,2021-22,-6.78,-2.08,-4.7,2583
203084,Harrison Barnes,2022-23,4.98,0.25,4.73,2654
203084,Harrison Barnes,2023-24,-1.37,6.64,-8.01,2383
203085,Austin Rivers,2021-22,1.9,3.4,-1.5,1484
203085,Austin Rivers,2022-23,-5.93,2.74,-8.66,1010
203086,ID_203086,2022-23,-17.5,1.94,-19.44,113
203087,Jeremy Lamb,2021-22,2.06,-3.63,5.7,931
203090,Maurice Harkless,2021-22,-2.7,-5.82,3.12,864
203095,Evan Fournier,2021-22,-1.73,3.49,-5.22,2355
203095,Evan Fournier,2022-23,-4.53,4.3,-8.83,461
203095,Evan Fournier,2023-24,-10.44,-6.64,-3.81,578
203107,Tomas Satoransky,2021-22,-8.12,-1.27,-6.85,897
203109,Jae Crowder,2021-22,10.55,6.27,4.27,1885
203109,Jae Crowder,2022-23,-1.8,1.69,-3.49,338
203109,Jae Crowder,2023-24,-1.07,3.85,-4.92,1160
203110,Draymond Green,2021-22,7.62,4.57,3.05,1331
203110,Draymond Green,2022-23,6.67,-4.72,11.39,2294
203110,Draymond Green,2023-24,5.43,0.03,5.4,1490
203114,Khris Middleton,2021-22,5.05,-0.46,5.51,2133
203114,Khris Middleton,2022-23,5.35,0.38,4.97,801
203114,Khris Middleton,2023-24,3.05,2.03,1.03,1492
203115,Will Barton,2021-22,2.56,3.22,-0.65,2277
203115,Will Barton,2022-23,-7.93,1.17,-9.09,988
203145,Kent Bazemore,2021-22,-9.65,-1.86,-7.79,541
203200,Justin Holiday,2021-22,-4.3,-2.14,-2.17,2047
203200,Justin Holiday,2022-23,-6.94,1.08,-8.01,706
203200,Justin Holiday,2023-24,3.25,5.9,-2.65,857
203210,JaMychal Green,2021-22,-3.18,5.11,-8.29,1085
203210,JaMychal Green,2022-23,-8.33,4.45,-12.78,794
203457,Nerlens Noel,2021-22,-5.22,1.31,-6.53,564
203457,Nerlens Noel,2022-23,-15.21,-5.78,-9.43,197
203458,Alex Len,2021-22,-4.85,-5.2,0.35,620
203458,Alex Len,2022-23,9.73,3.15,6.57,161
203458,Alex Len,2023-24,15.32,0.13,15.19,445
203463,Ben McLemore,2021-22,-11.36,-6.25,-5.11,1285
203468,CJ McCollum,2021-22,-0.79,-6.76,5.97,2144
203468,CJ McCollum,2022-23,0.78,4.62,-3.85,2642
203468,CJ McCollum,2023-24,3.61,4.96,-1.35,2154
203469,Cody Zeller,2021-22,0.18,-8.71,8.89,354
203469,Cody Zeller,2023-24,4.92,4.16,0.75,325
203471,Dennis Schröder,2021-22,-0.13,6.66,-6.79,1835
203471,Dennis Schröder,2022-23,3.19,-1.97,5.15,1987
203471,Dennis Schröder,2023-24,-2.5,-6,3.5,2493
203473,Dewayne Dedmon,2022-23,-9.24,5.17,-14.4,79
203476,Gorgui Dieng,2021-22,-9.81,2.72,-12.52,371
203476,Gorgui Dieng,2022-23,-19.26,-7.91,-11.35,361
203482,Kelly Olynyk,2021-22,-3.95,-7.57,3.62,767
203482,Kelly Olynyk,2022-23,-0.01,-1,1,1944
203482,Kelly Olynyk,2023-24,-7.46,-4.77,-2.68,1752
203484,Kentavious Caldwell-Pope,2021-22,-4.93,-1.79,-3.14,2328
203484,Kentavious Caldwell-Pope,2022-23,9.01,-7.12,16.13,2386
203484,Kentavious Caldwell-Pope,2023-24,11.42,-4.21,15.63,2400
203486,Mason Plumlee,2021-22,1.15,1.52,-0.37,1786
203486,Mason Plumlee,2022-23,-5.11,-2.89,-2.22,2055
203486,Mason Plumlee,2023-24,0.7,3.77,-3.08,676
203487,ID_203487,2022-23,-37.27,-1.25,-36.02,44
203488,Mike Muscala,2021-22,2.42,-9.83,12.25,595
203488,Mike Muscala,2022-23,8.38,2.92,5.47,945
203488,Mike Muscala,2023-24,-6.99,-5.17,-1.82,608
203490,Otto Porter Jr.,2021-22,6.97,4.85,2.11,1397
203490,Otto Porter Jr.,2022-23,-3.58,1.63,-5.22,145
203490,Otto Porter Jr.,2023-24,6.99,-6.15,13.14,171
203493,Reggie Bullock Jr.,2021-22,7.9,-0.6,8.5,1904
203493,Reggie Bullock Jr.,2022-23,-1.62,3.14,-4.76,2374
203493,Reggie Bullock Jr.,2023-24,-5.57,2.86,-8.42,413
203496,Robert Covington,2021-22,1.38,-8.76,10.14,1939
203496,Robert Covington,2022-23,1.29,1.68,-0.39,780
203496,Robert Covington,2023-24,10.65,3.36,7.31,492
203497,Rudy Gobert,2021-22,9.21,2.65,6.56,2119
203497,Rudy Gobert,2022-23,0.17,0.95,-0.77,2145
203497,Rudy Gobert,2023-24,8.27,3.5,4.77,2591
203500,Steven Adams,2021-22,7.85,3.54,4.31,1996
203500,Steven Adams,2022-23,8.66,2.17,6.49,1127
203501,Tim Hardaway Jr.,2021-22,1.4,4.45,-3.05,1248
203501,Tim Hardaway Jr.,2022-23,3.26,-3.13,6.39,2160
203501,Tim Hardaway Jr.,2023-24,0.21,5.48,-5.27,2119
203503,Tony Snell,2021-22,-6.95,-5.27,-1.68,825
203504,Trey Burke,2021-22,0.07,3.92,-3.86,443
203507,Giannis Antetokounmpo,2021-22,6.57,-2.57,9.14,2192
203507,Giannis Antetokounmpo,2022-23,5.36,-2.78,8.14,2021
203507,Giannis Antetokounmpo,2023-24,6.12,-4.4,10.53,2569
203516,ID_203516,2021-22,-4.13,0.43,-4.56,28
203521,ID_203521,2022-23,-8.36,4.09,-12.44,212
203524,ID_203524,2021-22,13.95,1.08,12.87,139
203526,Raul Neto,2021-22,-3.75,-3.57,-0.18,1373
203526,Raul Neto,2022-23,2.49,6.24,-3.75,504
203552,Seth Curry,2021-22,3.57,2.03,1.54,2143
203552,Seth Curry,2022-23,-3.44,2.35,-5.78,1219
203552,Seth Curry,2023-24,3.06,-0.98,4.04,608
203585,Rodney McGruder,2021-22,-2.97,-7.78,4.82,755
203585,Rodney McGruder,2022-23,-2.88,-8.71,5.83,524
203648,ID_203648,2021-22,-10.18,4.27,-14.46,474
203648,ID_203648,2022-23,-28.42,2.99,-31.41,202
203648,ID_203648,2023-24,-10.66,2.94,-13.6,154
203658,ID_203658,2021-22,-48.51,6.46,-54.97,20
203897,Zach LaVine,2021-22,-1.08,0.69,-1.77,2329
203897,Zach LaVine,2022-23,1.03,3.82,-2.79,2767
203897,Zach LaVine,2023-24,-4.68,0.22,-4.9,870
203901,Elfrid Payton,2021-22,-2.02,9.98,-12.01,547
203903,Jordan Clarkson,2021-22,8.09,3.89,4.2,2143
203903,Jordan Clarkson,2022-23,1.08,-2.12,3.19,1991
203903,Jordan Clarkson,2023-24,-5.59,-4.26,-1.33,1682
203914,Gary Harris,2021-22,-5.54,-9.19,3.65,1723
203914,Gary Harris,2022-23,-2.64,-1.23,-1.41,1185
203914,Gary Harris,2023-24,4,1.53,2.47,1294
203915,Spencer Dinwiddie,2021-22,-1.44,-1.14,-0.3,1982
203915,Spencer Dinwiddie,2022-23,-0.1,1.32,-1.42,2738
203915,Spencer Dinwiddie,2023-24,1.44,-2.73,4.17,2152
203918,Rodney Hood,2021-22,-1.04,2.95,-3.99,698
203920,Khem Birch,2021-22,0.28,2.94,-2.66,986
203920,Khem Birch,2022-23,3.39,1.36,2.03,163
203924,Jerami Grant,2021-22,-7.93,-6.22,-1.71,1501
203924,Jerami Grant,2022-23,-0.67,-6.85,6.17,2242
203924,Jerami Grant,2023-24,-9,-7.53,-1.48,1829
203925,Joe Harris,2021-22,-0.68,0.38,-1.06,424
203925,Joe Harris,2022-23,-0.58,1.29,-1.87,1532
203925,Joe Harris,2023-24,-11.97,-7.66,-4.31,169
203926,Doug McDermott,2021-22,-2.18,0.63,-2.81,1221
203926,Doug McDermott,2022-23,-7.97,-9.42,1.45,1318
203926,Doug McDermott,2023-24,-9.49,-2.96,-6.52,899
203932,Aaron Gordon,2021-22,6.52,-2.7,9.22,2380
203932,Aaron Gordon,2022-23,11.41,-6.89,18.3,2053
203932,Aaron Gordon,2023-24,8.52,0.84,7.68,2294
203933,T.J. Warren,2022-23,3.03,1.27,1.76,688
203933,T.J. Warren,2023-24,18.06,6.25,11.81,125
203935,Marcus Smart,2021-22,9.71,4.89,4.82,2296
203935,Marcus Smart,2022-23,7.74,7.83,-0.09,1957
203935,Marcus Smart,2023-24,0.04,-6.26,6.31,605
203937,Kyle Anderson,2021-22,2.08,7.91,-5.83,1489
203937,Kyle Anderson,2022-23,3.08,-1.96,5.04,1956
203937,Kyle Anderson,2023-24,4.8,8.1,-3.3,1777
203939,Dwight Powell,2021-22,2.08,4.67,-2.59,1795
203939,Dwight Powell,2022-23,5.73,-2.8,8.53,1462
203939,Dwight Powell,2023-24,1.02,3.09,-2.07,837
203943,ID_203943,2022-23,-0.15,8.15,-8.3,175
203944,Julius Randle,2021-22,-3.53,7.43,-10.96,2543
203944,Julius Randle,2022-23,2.94,4.01,-1.06,2740
203944,Julius Randle,2023-24,5.81,3.46,2.34,1629
203952,Andrew Wiggins,2021-22,5.67,5.51,0.16,2332
203952,Andrew Wiggins,2022-23,6.07,0.08,5.99,1190
203952,Andrew Wiggins,2023-24,-1.08,5,-6.08,1914
203953,ID_203953,2021-22,1.05,7.86,-6.81,112
203954,Joel Embiid,2021-22,7.59,-3.45,11.04,2300
203954,Joel Embiid,2022-23,8.91,-0.56,9.47,2283
203954,Joel Embiid,2023-24,9.85,0.93,8.91,1313
203957,Dante Exum,2023-24,11.69,-0.8,12.49,1088
203967,Dario Saric,2022-23,1.34,2.96,-1.63,802
203967,Dario Saric,2023-24,-1.28,3.35,-4.63,1097
203991,Clint Capela,2021-22,4.08,-1.2,5.28,2040
203991,Clint Capela,2022-23,-0.7,1.24,-1.93,1731
203991,Clint Capela,2023-24,0.19,-2.7,2.89,1887
203992,Bogdan Bogdanović,2021-22,4.99,-1.51,6.51,1843
203992,Bogdan Bogdanović,2022-23,1.16,-0.07,1.23,1509
203992,Bogdan Bogdanović,2023-24,2.35,-6.93,9.29,2400
203994,Jusuf Nurkić,2021-22,0.03,-13.2,13.24,1578
203994,Jusuf Nurkić,2022-23,1.23,-5.83,7.06,1394
203994,Jusuf Nurkić,2023-24,8.49,-3.15,11.65,2084
203995,Vasilije Micic,2023-24,-2.88,-4.08,1.19,1178
203999,Nikola Jokić,2021-22,8.4,-6.43,14.83,2476
203999,Nikola Jokić,2022-23,11.97,-10.71,22.69,2324
203999,Nikola Jokić,2023-24,11.21,-8.06,19.27,2731
204001,Kristaps Porziņģis,2021-22,1.08,1.33,-0.25,1486
204001,Kristaps Porziņģis,2022-23,2.12,-4.44,6.56,2122
204001,Kristaps Porziņģis,2023-24,10.83,12.41,-1.58,1689
204020,ID_204020,2021-22,-2.15,1.11,-3.26,90
204025,ID_204025,2021-22,-15.82,-7.17,-8.64,196
204038,ID_204038,2021-22,-3.39,1.39,-4.77,107
204060,Joe Ingles,2021-22,8.54,5.23,3.3,1125
204060,Joe Ingles,2022-23,0.51,1.7,-1.19,1042
204060,Joe Ingles,2023-24,6.23,0.7,5.53,1173
204456,T.J. McConnell,2021-22,-3.89,-1.15,-2.74,643
204456,T.J. McConnell,2022-23,-1.62,-2.05,0.43,1520
204456,T.J. McConnell,2023-24,4.68,3.98,0.7,1294
1626145,Tyus Jones,2021-22,7.82,4.35,3.47,1555
1626145,Tyus Jones,2022-23,1.62,6.32,-4.7,1937
1626145,Tyus Jones,2023-24,-11.21,-4.87,-6.34,1929
1626147,ID_1626147,2021-22,2.14,-1.05,3.18,317
1626149,Montrezl Harrell,2021-22,3.12,-3.63,6.75,1643
1626149,Montrezl Harrell,2022-23,2.46,5.38,-2.91,679
1626153,Delon Wright,2021-22,1.99,1.27,0.72,1451
1626153,Delon Wright,2022-23,3.38,-2.84,6.22,1223
1626153,Delon Wright,2023-24,0.56,-4.83,5.38,740
1626156,D'Angelo Russell,2021-22,4.56,1.48,3.09,2072
1626156,D'Angelo Russell,2022-23,2.28,0.92,1.36,2298
1626156,D'Angelo Russell,2023-24,2,-3.2,5.2,2488
1626157,Karl-Anthony Towns,2021-22,5.09,-0.24,5.32,2473
1626157,Karl-Anthony Towns,2022-23,2.2,0,2.2,956
1626157,Karl-Anthony Towns,2023-24,7.71,5.48,2.23,2024
1626158,Richaun Holmes,2021-22,-6.23,-4.74,-1.48,1071
1626158,Richaun Holmes,2022-23,-5.74,4.29,-10.02,343
1626158,Richaun Holmes,2023-24,-6.9,-3.25,-3.65,552
1626159,Justise Winslow,2021-22,3.36,-3.45,6.82,778
1626159,Justise Winslow,2022-23,-1.04,-3.9,2.86,775
1626161,ID_1626161,2021-22,5.63,3.39,2.24,179
1626162,Kelly Oubre Jr.,2021-22,0.47,2.24,-1.77,1995
1626162,Kelly Oubre Jr.,2022-23,-6.67,-4.35,-2.32,1544
1626162,Kelly Oubre Jr.,2023-24,0.36,7.71,-7.34,2056
1626163,ID_1626163,2021-22,10.04,8.23,1.81,181
1626163,ID_1626163,2022-23,-2.88,-1.72,-1.17,235
1626164,Devin Booker,2021-22,10.41,5.25,5.16,2346
1626164,Devin Booker,2022-23,7.62,-1.16,8.78,1838
1626164,Devin Booker,2023-24,5.52,-1.12,6.65,2445
1626166,Cameron Payne,2021-22,6.77,9.06,-2.29,1275
1626166,Cameron Payne,2022-23,4.71,2.35,2.36,965
1626166,Cameron Payne,2023-24,-0.1,3.73,-3.83,1307
1626167,Myles Turner,2021-22,0.91,-2.73,3.64,1230
1626167,Myles Turner,2022-23,-0.12,-3.39,3.27,1821
1626167,Myles Turner,2023-24,5.78,2.45,3.33,2080
1626168,Trey Lyles,2021-22,-7.03,-6.17,-0.86,1541
1626168,Trey Lyles,2022-23,4.07,3.12,0.94,1248
1626168,Trey Lyles,2023-24,7.17,-0.37,7.54,1159
1626169,Stanley Johnson,2021-22,-1.17,-3.57,2.4,1093
1626169,Stanley Johnson,2022-23,-6.52,-9.26,2.75,466
1626171,Bobby Portis,2021-22,7.22,-2.44,9.67,2022
1626171,Bobby Portis,2022-23,-1.37,3.7,-5.07,1804
1626171,Bobby Portis,2023-24,-0.07,4.97,-5.04,2014
1626172,Kevon Looney,2021-22,5.68,5.55,0.13,1728
1626172,Kevon Looney,2022-23,5.28,-1.45,6.73,1958
1626172,Kevon Looney,2023-24,1.05,2.5,-1.45,1196
1626174,Christian Wood,2021-22,-8.75,-6.46,-2.29,2094
1626174,Christian Wood,2022-23,-0.49,0.94,-1.43,1740
1626174,Christian Wood,2023-24,1.58,-0.38,1.96,871
1626179,Terry Rozier,2021-22,1.84,0.57,1.26,2452
1626179,Terry Rozier,2022-23,-5.03,-5.53,0.5,2214
1626179,Terry Rozier,2023-24,-6.17,-3.56,-2.61,2037
1626181,Norman Powell,2021-22,-8,-7.15,-0.85,1455
1626181,Norman Powell,2022-23,-2.85,4.51,-7.36,1567
1626181,Norman Powell,2023-24,5.16,1.31,3.85,1987
1626192,Pat Connaughton,2021-22,-1.22,5.33,-6.55,1680
1626192,Pat Connaughton,2022-23,2.5,0.76,1.74,1432
1626192,Pat Connaughton,2023-24,-1.76,5.46,-7.22,1676
1626195,Willy Hernangomez,2021-22,-1.92,-0.56,-1.36,837
1626195,Willy Hernangomez,2022-23,1.99,2.06,-0.07,456
1626196,Josh Richardson,2021-22,4.08,5.88,-1.8,1601
1626196,Josh Richardson,2022-23,-4.23,-5.65,1.42,1523
1626196,Josh Richardson,2023-24,-5.7,4.29,-9.98,1105
1626204,Larry Nance Jr.,2021-22,-1.41,-8.15,6.74,1040
1626204,Larry Nance Jr.,2022-23,8.44,-1.34,9.78,1372
1626204,Larry Nance Jr.,2023-24,3.11,4.72,-1.61,1217
1626208,Keifer Sykes,2021-22,-2.26,-1.49,-0.77,569
1626220,Royce O'Neale,2021-22,5.08,7.9,-2.82,2407
1626220,Royce O'Neale,2022-23,1.84,-1.43,3.27,2415
1626220,Royce O'Neale,2023-24,2.56,-1.13,3.7,1950
1626224,Cedi Osman,2021-22,-2.35,3.74,-6.08,1458
1626224,Cedi Osman,2022-23,6.82,5.09,1.73,1548
1626224,Cedi Osman,2023-24,-13.01,-3.21,-9.8,1269
1626246,ID_1626246,2021-22,14.43,3.13,11.3,128
1626246,ID_1626246,2022-23,18.02,-9.43,27.44,172
1626246,ID_1626246,2023-24,-11.21,2.22,-13.42,70
1627732,Ben Simmons,2022-23,1.77,0.1,1.67,1109
1627732,Ben Simmons,2023-24,-2.82,-2.35,-0.47,358
1627734,Domantas Sabonis,2021-22,-0.23,-3.58,3.35,2133
1627734,Domantas Sabonis,2022-23,3.74,2.7,1.05,2733
1627734,Domantas Sabonis,2023-24,0.75,4.86,-4.11,2927
1627736,Malik Beasley,2021-22,2.06,4.13,-2.07,1978
1627736,Malik Beasley,2022-23,-1.93,0.66,-2.58,2102
1627736,Malik Beasley,2023-24,5.82,-2.5,8.32,2343
1627737,Marquese Chriss,2021-22,-0.47,3.88,-4.34,350
1627739,Kris Dunn,2021-22,-8.2,-7.89,-0.32,341
1627739,Kris Dunn,2022-23,-4.18,0.09,-4.28,566
1627739,Kris Dunn,2023-24,1.21,-7.59,8.8,1244
1627741,Buddy Hield,2021-22,-2.03,-4.55,2.52,2491
1627741,Buddy Hield,2022-23,-0.29,-4.58,4.3,2483
1627741,Buddy Hield,2023-24,2.29,4.58,-2.29,2163
1627742,Brandon Ingram,2021-22,3.38,-4.65,8.02,1868
1627742,Brandon Ingram,2022-23,3.5,1.13,2.36,1540
1627742,Brandon Ingram,2023-24,3.31,5.27,-1.96,2107
1627745,Damian Jones,2021-22,-6.31,-4.74,-1.57,1020
1627745,Damian Jones,2022-23,-8.17,0.41,-8.57,478
1627745,Damian Jones,2023-24,-18.86,3.81,-22.67,271
1627747,Caris LeVert,2021-22,-1.47,-0.7,-0.77,1780
1627747,Caris LeVert,2022-23,4.25,7.72,-3.47,2234
1627747,Caris LeVert,2023-24,3.18,1.35,1.83,1962
1627749,Dejounte Murray,2021-22,0.94,-1.99,2.93,2364
1627749,Dejounte Murray,2022-23,-0.66,2.61,-3.26,2695
1627749,Dejounte Murray,2023-24,-1.93,0.08,-2.01,2788
1627750,Jamal Murray,2022-23,5.89,-1.23,7.12,2134
1627750,Jamal Murray,2023-24,8,2.92,5.08,1858
1627751,Jakob Poeltl,2021-22,1.84,-2.3,4.14,1973
1627751,Jakob Poeltl,2022-23,-2.33,-5.66,3.34,1900
1627751,Jakob Poeltl,2023-24,-1.18,-7.78,6.6,1318
1627752,Taurean Prince,2021-22,2.21,3.47,-1.26,1177
1627752,Taurean Prince,2022-23,0.64,0.48,0.16,1194
1627752,Taurean Prince,2023-24,-2.72,3.18,-5.9,2107
1627756,ID_1627756,2021-22,-2.89,1.72,-4.62,203
1627759,Jaylen Brown,2021-22,10.32,4.33,5.99,2223
1627759,Jaylen Brown,2022-23,6.46,9.78,-3.32,2403
1627759,Jaylen Brown,2023-24,8.18,16.87,-8.69,2341
1627761,DeAndre' Bembry,2021-22,-0.28,0.53,-0.81,1024
1627763,Malcolm Brogdon,2021-22,1.97,-3.14,5.11,1198
1627763,Malcolm Brogdon,2022-23,6.08,9.09,-3.01,1742
1627763,Malcolm Brogdon,2023-24,-3.52,-10.04,6.51,1121
1627767,ID_1627767,2021-22,-47.63,-6.57,-41.06,29
1627774,ID_1627774,2021-22,-5,3.6,-8.6,231
1627777,Georges Niang,2021-22,2.3,3.46,-1.16,1737
1627777,Georges Niang,2022-23,1.98,6.66,-4.68,1511
1627777,Georges Niang,2023-24,0.81,3.51,-2.7,1834
1627780,Gary Payton II,2021-22,8.52,4.26,4.26,1240
1627780,Gary Payton II,2022-23,6.59,-2.21,8.8,370
1627780,Gary Payton II,2023-24,5.88,1.27,4.61,682
1627783,Pascal Siakam,2021-22,4.46,-1.78,6.24,2578
1627783,Pascal Siakam,2022-23,2.27,-0.23,2.49,2655
1627783,Pascal Siakam,2023-24,2.42,-2.45,4.87,2659
1627788,Furkan Korkmaz,2021-22,0.47,4.33,-3.86,1415
1627788,Furkan Korkmaz,2022-23,2.36,5.13,-2.76,354
1627788,Furkan Korkmaz,2023-24,7.1,3.63,3.47,299
1627789,Timothe Luwawu-Cabarrot,2021-22,-3.2,2.53,-5.73,683
1627814,Damion Lee,2021-22,2.2,7.2,-5,1258
1627814,Damion Lee,2022-23,3.75,2.42,1.34,1503
1627820,ID_1627820,2021-22,-9.64,-0.69,-8.95,73
1627822,ID_1627822,2021-22,7.34,2.8,4.54,36
1627823,Juancho Hernangomez,2021-22,1.49,5.84,-4.35,446
1627823,Juancho Hernangomez,2022-23,1.3,1.47,-0.17,612
1627826,Ivica Zubac,2021-22,-3.66,3.96,-7.63,1848
1627826,Ivica Zubac,2022-23,0.16,3.34,-3.18,2169
1627826,Ivica Zubac,2023-24,4.21,2.44,1.78,1796
1627827,Dorian Finney-Smith,2021-22,4.34,1.77,2.57,2650
1627827,Dorian Finney-Smith,2022-23,-0.6,0.65,-1.26,2013
1627827,Dorian Finney-Smith,2023-24,-2.08,-2.69,0.61,1931
1627832,Fred VanVleet,2021-22,3.35,0.54,2.8,2458
1627832,Fred VanVleet,2022-23,3.48,-2.18,5.66,2537
1627832,Fred VanVleet,2023-24,4.01,-2.3,6.31,2685
1627846,ID_1627846,2021-22,3.33,8.5,-5.18,143
1627853,ID_1627853,2021-22,-2.31,0.43,-2.74,74
1627853,ID_1627853,2022-23,-12.17,-1.96,-10.2,171
1627853,ID_1627853,2023-24,3.3,4.44,-1.15,46
1627854,Bryn Forbes,2021-22,-0.68,1.63,-2.3,1282
1627854,Bryn Forbes,2022-23,-9.26,1.23,-10.48,264
1627863,Danuel House Jr.,2021-22,4.56,1.49,3.07,718
1627863,Danuel House Jr.,2022-23,3.88,5.13,-1.25,801
1627863,Danuel House Jr.,2023-24,3.9,3.89,0.01,508
1627884,Derrick Jones Jr.,2021-22,2.6,-1.23,3.83,901
1627884,Derrick Jones Jr.,2022-23,7.14,0.35,6.78,894
1627884,Derrick Jones Jr.,2023-24,2.5,2.77,-0.26,1775
1627885,ID_1627885,2021-22,-25.13,0.4,-25.53,21
1627885,ID_1627885,2022-23,-2.18,-3.37,1.19,121
1627936,Alex Caruso,2021-22,5.41,-2.7,8.11,1144
1627936,Alex Caruso,2022-23,6.76,-1.32,8.08,1573
1627936,Alex Caruso,2023-24,0.65,-2.41,3.06,2033
1628021,David Nwaba,2021-22,-8.14,-7.59,-0.55,611
1628035,ID_1628035,2021-22,-10.91,0.24,-11.15,209
1628221,ID_1628221,2021-22,-8.15,-1.56,-6.59,22
1628221,ID_1628221,2022-23,25.41,-2.27,27.67,55
1628365,Markelle Fultz,2021-22,-5.2,-7.84,2.64,359
1628365,Markelle Fultz,2022-23,-2.37,-1.07,-1.3,1771
1628365,Markelle Fultz,2023-24,0.93,2.75,-1.82,905
1628366,Lonzo Ball,2021-22,2.99,-1.82,4.81,1206
1628367,Josh Jackson,2021-22,-8.24,-6.33,-1.92,835
1628368,De'Aaron Fox,2021-22,-4.93,-5.37,0.44,2081
1628368,De'Aaron Fox,2022-23,3.56,3.19,0.37,2432
1628368,De'Aaron Fox,2023-24,4.34,-3.28,7.62,2665
1628369,Jayson Tatum,2021-22,12.15,-2.12,14.28,2733
1628369,Jayson Tatum,2022-23,9.7,3.64,6.06,2731
1628369,Jayson Tatum,2023-24,11.32,12.56,-1.24,2643
1628370,Malik Monk,2021-22,-0.1,-6.15,6.04,2133
1628370,Malik Monk,2022-23,2.21,4.34,-2.13,1718
1628370,Malik Monk,2023-24,-0.07,3.53,-3.61,1871
1628371,Jonathan Isaac,2022-23,-3.54,-1.59,-1.95,124
1628371,Jonathan Isaac,2023-24,10.87,-0.22,11.09,913
1628372,Dennis Smith Jr.,2021-22,-9.1,-7.69,-1.41,638
1628372,Dennis Smith Jr.,2022-23,-2.16,-6.92,4.75,1391
1628372,Dennis Smith Jr.,2023-24,1.54,-3.83,5.37,1058
1628373,Frank Ntilikina,2021-22,3.68,3.45,0.23,689
1628373,Frank Ntilikina,2022-23,6.55,-0.8,7.35,610
1628373,Frank Ntilikina,2023-24,0.94,-9.6,10.54,44
1628374,Lauri Markkanen,2021-22,3.48,-0.33,3.81,1879
1628374,Lauri Markkanen,2022-23,3.77,-6.28,10.05,2277
1628374,Lauri Markkanen,2023-24,0.32,-9.18,9.5,1815
1628378,Donovan Mitchell,2021-22,5.76,6.74,-0.98,2264
1628378,Donovan Mitchell,2022-23,6.27,4.97,1.3,2434
1628378,Donovan Mitchell,2023-24,6.5,-1.8,8.3,1941
1628379,Luke Kennard,2021-22,3.6,-2.61,6.21,1919
1628379,Luke Kennard,2022-23,6.82,1.85,4.97,1314
1628379,Luke Kennard,2023-24,-7.76,-4.47,-3.29,1007
1628380,Zach Collins,2021-22,2.08,-0.58,2.66,502
1628380,Zach Collins,2022-23,-7.77,-9.6,1.83,1440
1628380,Zach Collins,2023-24,-11.5,-3.12,-8.38,1527
1628381,John Collins,2021-22,0.4,2.36,-1.95,1656
1628381,John Collins,2022-23,-0.2,1.08,-1.28,2129
1628381,John Collins,2023-24,-7.38,-2.48,-4.9,1897
1628382,ID_1628382,2021-22,-7.36,8.46,-15.82,35
1628382,ID_1628382,2022-23,-29.02,8.8,-37.81,107
1628384,OG Anunoby,2021-22,3.66,1.21,2.45,1725
1628384,OG Anunoby,2022-23,2.39,0.02,2.37,2383
1628384,OG Anunoby,2023-24,11.49,-4.18,15.67,1704
1628385,ID_1628385,2023-24,1.23,-2.47,3.7,82
1628386,Jarrett Allen,2021-22,3.38,-0.12,3.5,1807
1628386,Jarrett Allen,2022-23,7.89,3.08,4.8,2218
1628386,Jarrett Allen,2023-24,4.26,-0.95,5.21,2445
1628389,Bam Adebayo,2023-24,0.17,3.57,-3.41,2411
1628391,ID_1628391,2021-22,-13.37,2.49,-15.86,53
1628392,Isaiah Hartenstein,2021-22,7.65,-2.83,10.48,1222
1628392,Isaiah Hartenstein,2022-23,4.2,2.64,1.57,1629
1628392,Isaiah Hartenstein,2023-24,9.53,-0.29,9.81,1899
1628396,Tony Bradley,2021-22,6.37,-1.45,7.82,552
1628396,Tony Bradley,2022-23,10.01,1.81,8.19,32
1628398,Kyle Kuzma,2021-22,-5.94,-0.75,-5.19,2204
1628398,Kyle Kuzma,2022-23,0.17,-2.34,2.51,2241
1628398,Kyle Kuzma,2023-24,-10.11,-5.04,-5.07,2281
1628400,Semi Ojeleye,2021-22,-15.54,3.44,-18.97,405
1628401,Derrick White,2021-22,5.12,1.44,3.68,2198
1628401,Derrick White,2022-23,12.17,1.71,10.46,2320
1628401,Derrick White,2023-24,12.2,11.04,1.16,2378
1628402,Frank Jackson,2021-22,-6,-7.23,1.22,1159
1628404,Josh Hart,2021-22,-4.43,-1.57,-2.86,1793
1628404,Josh Hart,2022-23,6.11,-5.6,11.71,2453
1628404,Josh Hart,2023-24,6.02,0.95,5.06,2710
1628408,ID_1628408,2021-22,-8.45,3.91,-12.36,342
1628408,ID_1628408,2022-23,-13.46,3.77,-17.23,80
1628410,Edmond Sumner,2022-23,1.25,0.41,0.85,736
1628411,ID_1628411,2021-22,-2.25,1.62,-3.87,83
1628415,Dillon Brooks,2021-22,11.48,4.06,7.41,881
1628415,Dillon Brooks,2022-23,5.1,2.64,2.46,2211
1628415,Dillon Brooks,2023-24,0.55,3.81,-3.26,2223
1628418,Thomas Bryant,2021-22,-8.06,-3.09,-4.97,436
1628418,Thomas Bryant,2022-23,-5.01,1.86,-6.88,1081
1628418,Thomas Bryant,2023-24,2.29,1.39,0.9,440
1628419,ID_1628419,2021-22,-7,1.63,-8.64,44
1628420,Monte Morris,2021-22,6.4,-1.79,8.19,2239
1628420,Monte Morris,2022-23,0.37,-1.88,2.24,1692
1628420,Monte Morris,2023-24,9,4.18,4.82,478
1628422,ID_1628422,2021-22,3.82,0.36,3.46,21
1628424,ID_1628424,2022-23,-38.3,-5.02,-33.29,28
1628424,ID_1628424,2023-24,-20.76,-5.33,-15.43,66
1628425,Sterling Brown,2021-22,1.44,3.88,-2.44,632
1628425,Sterling Brown,2022-23,-2.26,0.63,-2.89,25
1628426,Sasha Vezenkov,2023-24,1.07,1.95,-0.88,512
1628427,Vlatko Čančar,2021-22,1.6,2.9,-1.29,175
1628427,Vlatko Čančar,2022-23,-5.21,4.89,-10.1,894
1628432,Davon Reed,2021-22,2.83,2.84,-0.01,663
1628432,Davon Reed,2022-23,-12.32,3.66,-15.98,345
1628435,ID_1628435,2022-23,-71.85,-2.97,-68.88,21
1628436,Luke Kornet,2021-22,8.02,7.66,0.36,87
1628436,Luke Kornet,2022-23,5.13,8.45,-3.33,805
1628436,Luke Kornet,2023-24,12.63,11.44,1.19,988
1628449,Chris Boucher,2021-22,5.61,-0.2,5.81,1691
1628449,Chris Boucher,2022-23,-0.88,2.9,-3.78,1530
1628449,Chris Boucher,2023-24,4.19,-7.72,11.91,711
1628464,Daniel Theis,2021-22,-4.19,-0.84,-3.35,972
1628464,Daniel Theis,2022-23,-8.65,-1.69,-6.96,109
1628464,Daniel Theis,2023-24,3.34,3.21,0.13,1010
1628467,Maxi Kleber,2021-22,4.21,3.08,1.13,1454
1628467,Maxi Kleber,2022-23,-3.54,1.48,-5.02,929
1628467,Maxi Kleber,2023-24,7.19,1.35,5.84,874
1628470,Torrey Craig,2021-22,-2.79,3.27,-6.05,1594
1628470,Torrey Craig,2022-23,-2.6,8.28,-10.88,1945
1628470,Torrey Craig,2023-24,-6.53,1.17,-7.7,1045
1628476,ID_1628476,2021-22,3.62,-7.15,10.77,106
1628539,ID_1628539,2021-22,-13.14,-7.31,-5.84,198
1628778,ID_1628778,2021-22,-20.67,-7.46,-13.21,158
1628960,Grayson Allen,2021-22,4.08,1.22,2.86,1799
1628960,Grayson Allen,2022-23,3.21,-0.42,3.63,1963
1628960,Grayson Allen,2023-24,4.68,0.08,4.6,2502
1628962,Udoka Azubuike,2021-22,2.1,6.39,-4.29,194
1628962,Udoka Azubuike,2022-23,-11.16,0.54,-11.7,357
1628962,Udoka Azubuike,2023-24,-20.59,3.69,-24.28,114
1628963,Marvin Bagley III,2021-22,-5.84,-5.94,0.1,1146
1628963,Marvin Bagley III,2022-23,-11.23,-6.84,-4.39,993
1628963,Marvin Bagley III,2023-24,-6.33,-8.17,1.84,1054
1628964,Mo Bamba,2021-22,-8.96,-6.43,-2.53,1822
1628964,Mo Bamba,2022-23,2.99,-2.35,5.35,764
1628964,Mo Bamba,2023-24,-2.01,5.25,-7.26,742
1628966,Keita Bates-Diop,2021-22,0.98,-0.63,1.61,959
1628966,Keita Bates-Diop,2022-23,-8,-9.48,1.47,1451
1628966,Keita Bates-Diop,2023-24,-3.97,3.47,-7.44,668
1628969,Mikal Bridges,2021-22,10.35,3.01,7.34,2853
1628969,Mikal Bridges,2022-23,1.43,2.72,-1.3,2962
1628969,Mikal Bridges,2023-24,-2.75,-1.47,-1.28,2851
1628970,Miles Bridges,2021-22,2.99,-2.73,5.72,2833
1628970,Miles Bridges,2023-24,-11.07,-6.48,-4.59,2579
1628971,Bruce Brown,2021-22,-0.49,0.88,-1.37,1782
1628971,Bruce Brown,2022-23,0.23,5.84,-5.61,2277
1628971,Bruce Brown,2023-24,-5.27,0.96,-6.23,1866
1628972,Troy Brown Jr.,2021-22,-1.12,-0.07,-1.05,1054
1628972,Troy Brown Jr.,2022-23,0.54,0.68,-0.14,1850
1628972,Troy Brown Jr.,2023-24,-5.19,-0.1,-5.09,822
1628973,Jalen Brunson,2021-22,4.1,2.41,1.69,2527
1628973,Jalen Brunson,2022-23,2.54,4.37,-1.83,2375
1628973,Jalen Brunson,2023-24,8.33,-4.29,12.62,2730
1628975,Jevon Carter,2021-22,-2.57,1.6,-4.16,905
1628975,Jevon Carter,2022-23,1.04,1.68,-0.64,1806
1628975,Jevon Carter,2023-24,2.65,-2.01,4.66,994
1628976,Wendell Carter Jr.,2021-22,-3.3,-11.38,8.08,1848
1628976,Wendell Carter Jr.,2022-23,-0.17,-2.76,2.59,1690
1628976,Wendell Carter Jr.,2023-24,1.97,2.54,-0.57,1408
1628977,Hamidou Diallo,2021-22,-7.14,-6.74,-0.41,1266
1628977,Hamidou Diallo,2022-23,-0.36,-10.49,10.13,995
1628978,Donte DiVincenzo,2021-22,-2.43,-2.66,0.23,1002
1628978,Donte DiVincenzo,2022-23,3.26,0.62,2.64,1889
1628978,Donte DiVincenzo,2023-24,3.57,5.72,-2.15,2363
1628981,Bruno Fernando,2021-22,-9.49,-1.67,-7.81,153
1628981,Bruno Fernando,2022-23,-7.6,-7.37,-0.24,404
1628981,Bruno Fernando,2023-24,-4.56,-0.66,-3.89,680
1628982,ID_1628982,2021-22,-38.58,-7.03,-31.54,120
1628983,Shai Gilgeous-Alexander,2021-22,-6.41,-9.5,3.09,1942
1628983,Shai Gilgeous-Alexander,2022-23,3.39,-1.02,4.41,2415
1628983,Shai Gilgeous-Alexander,2023-24,11.15,1.58,9.57,2558
1628984,Devonte' Graham,2021-22,0.31,-2.26,2.57,2160
1628984,Devonte' Graham,2022-23,-6.86,-1.52,-5.34,1332
1628984,Devonte' Graham,2023-24,3.71,-7.22,10.93,315
1628988,Aaron Holiday,2021-22,-1.02,0.85,-1.87,1026
1628988,Aaron Holiday,2022-23,-0.53,0.64,-1.17,846
1628988,Aaron Holiday,2023-24,5.66,0.27,5.39,1259
1628989,Kevin Huerter,2021-22,4.03,-1.58,5.61,2186
1628989,Kevin Huerter,2022-23,4.94,1.52,3.42,2199
1628989,Kevin Huerter,2023-24,2.92,1.12,1.8,1565
1628990,ID_1628990,2021-22,27.56,8.21,19.36,22
1628991,Jaren Jackson Jr.,2021-22,8.03,3.04,5,2122
1628991,Jaren Jackson Jr.,2022-23,9.64,-0.61,10.25,1784
1628991,Jaren Jackson Jr.,2023-24,-6.59,-3.8,-2.79,2135
1628993,ID_1628993,2021-22,-8.82,-0.04,-8.78,148
1628993,ID_1628993,2022-23,20.32,-9.15,29.47,28
1628995,Kevin Knox II,2021-22,-16.39,1.45,-17.84,221
1628995,Kevin Knox II,2022-23,-10.73,-5.84,-4.9,949
1628995,Kevin Knox II,2023-24,-5.52,-8.23,2.7,561
1628997,Caleb Martin,2023-24,1.37,1.59,-0.22,1757
1628998,Cody Martin,2021-22,0.74,1.9,-1.16,1861
1628998,Cody Martin,2022-23,-7.84,-5.16,-2.68,134
1628998,Cody Martin,2023-24,-9.47,-9.48,0.01,750
1629001,De'Anthony Melton,2021-22,6.67,5.03,1.64,1652
1629001,De'Anthony Melton,2022-23,2.9,7.21,-4.32,2147
1629001,De'Anthony Melton,2023-24,10.81,1.46,9.35,1027
1629002,Chimezie Metu,2021-22,-5.22,-5.11,-0.11,1277
1629002,Chimezie Metu,2022-23,6.75,2.72,4.03,688
1629002,Chimezie Metu,2023-24,-7.17,-1.56,-5.6,851
1629003,Shake Milton,2021-22,-0.17,4.28,-4.45,1183
1629003,Shake Milton,2022-23,4.52,5.12,-0.6,1567
1629003,Shake Milton,2023-24,-3.09,5.95,-9.04,584
1629004,Svi Mykhailiuk,2021-22,-4.69,3.81,-8.5,715
1629004,Svi Mykhailiuk,2022-23,-0.11,-4.97,4.86,468
1629004,Svi Mykhailiuk,2023-24,19.27,10.86,8.41,413
1629006,Josh Okogie,2021-22,3.97,2.96,1.01,514
1629006,Josh Okogie,2022-23,4.36,2.18,2.18,1351
1629006,Josh Okogie,2023-24,1.26,3.55,-2.3,959
1629007,Jontay Porter,2023-24,-5.06,-5.64,0.58,361
1629008,Michael Porter Jr.,2021-22,11.99,2.18,9.8,265
1629008,Michael Porter Jr.,2022-23,10.05,-3.6,13.65,1799
1629008,Michael Porter Jr.,2023-24,8.08,0.17,7.91,2562
1629010,ID_1629010,2023-24,14.33,1.8,12.53,83
1629011,Mitchell Robinson,2021-22,-2.56,2.95,-5.52,1846
1629011,Mitchell Robinson,2022-23,7.23,0.66,6.58,1586
1629011,Mitchell Robinson,2023-24,1.03,5.25,-4.22,768
1629012,Collin Sexton,2021-22,-4.99,2.05,-7.04,314
1629012,Collin Sexton,2022-23,-0.41,-0.56,0.15,1147
1629012,Collin Sexton,2023-24,-3.82,-5.93,2.1,2071
1629013,Landry Shamet,2021-22,5.42,9.96,-4.54,1431
1629013,Landry Shamet,2022-23,3.45,2.79,0.66,807
1629013,Landry Shamet,2023-24,-8.68,-7.81,-0.87,728
1629014,Anfernee Simons,2021-22,-1.42,-12.68,11.26,1673
1629014,Anfernee Simons,2022-23,-0.93,-6.27,5.34,2167
1629014,Anfernee Simons,2023-24,-9.15,-7.59,-1.56,1579
1629018,Gary Trent Jr.,2021-22,3.27,0.69,2.58,2444
1629018,Gary Trent Jr.,2022-23,-1.63,4.97,-6.59,2119
1629018,Gary Trent Jr.,2023-24,-4.54,-6.65,2.11,1994
1629020,Jarred Vanderbilt,2021-22,5.48,0.95,4.53,1872
1629020,Jarred Vanderbilt,2022-23,-1.34,0.28,-1.64,1886
1629020,Jarred Vanderbilt,2023-24,4.46,-0.71,5.16,585
1629021,Moritz Wagner,2021-22,-7.32,-7.69,0.37,962
1629021,Moritz Wagner,2022-23,-0.41,-2.14,1.73,1110
1629021,Moritz Wagner,2023-24,3.64,1.61,2.03,1414
1629022,Lonnie Walker IV,2021-22,-2.98,1.63,-4.61,1609
1629022,Lonnie Walker IV,2022-23,-7.19,4.4,-11.59,1297
1629022,Lonnie Walker IV,2023-24,0.51,-3.39,3.91,1009
1629023,P.J. Washington,2021-22,3.9,-0.69,4.59,1766
1629023,P.J. Washington,2022-23,-6.33,-3.63,-2.7,2380
1629023,P.J. Washington,2023-24,-1.94,-5.06,3.12,2224
1629026,Kenrich Williams,2021-22,1.37,-11.47,12.84,1076
1629026,Kenrich Williams,2022-23,4.26,0.53,3.74,1203
1629026,Kenrich Williams,2023-24,9.25,7.21,2.04,1031
1629027,Trae Young,2021-22,2.7,-0.86,3.57,2644
1629027,Trae Young,2022-23,0.77,-0.27,1.04,2544
1629027,Trae Young,2023-24,-2,-0.69,-1.31,1942
1629028,Deandre Ayton,2021-22,9.69,7.27,2.42,1712
1629028,Deandre Ayton,2022-23,0.45,5.55,-5.1,2037
1629028,Deandre Ayton,2023-24,-8.4,-8.04,-0.36,1779
1629029,Luka Dončić,2021-22,2.88,4.35,-1.47,2302
1629029,Luka Dončić,2022-23,1.6,-1.59,3.19,2395
1629029,Luka Dončić,2023-24,5.75,-3.57,9.32,2628
1629033,ID_1629033,2021-22,-7.38,3.91,-11.29,147
1629033,ID_1629033,2022-23,-3.54,0.66,-4.2,324
1629035,ID_1629035,2021-22,-3.59,-6.94,3.34,82
1629048,Goga Bitadze,2021-22,0.77,-2.13,2.9,722
1629048,Goga Bitadze,2022-23,5.92,-2.21,8.13,457
1629048,Goga Bitadze,2023-24,0.69,2.86,-2.17,957
1629052,Oshae Brissett,2021-22,-3.56,-0.33,-3.23,1553
1629052,Oshae Brissett,2022-23,2.07,-3.38,5.46,1087
1629052,Oshae Brissett,2023-24,10.49,11.98,-1.49,631
1629056,Terence Davis,2021-22,5.57,-6.82,12.39,537
1629056,Terence Davis,2022-23,4.31,3.18,1.13,836
1629057,Robert Williams III,2021-22,10.15,5.61,4.54,1807
1629057,Robert Williams III,2022-23,11.51,6.82,4.69,824
1629057,Robert Williams III,2023-24,-15.14,-7.99,-7.14,118
1629060,Rui Hachimura,2021-22,-7.67,-2.38,-5.29,943
1629060,Rui Hachimura,2022-23,0.68,-0.34,1.02,1468
1629060,Rui Hachimura,2023-24,1.63,-1.29,2.92,1825
1629067,ID_1629067,2021-22,-15.25,2.59,-17.84,68
1629076,Tyler Cook,2021-22,-7.1,0.01,-7.1,199
1629103,Kelan Martin,2021-22,-4.2,-1.27,-2.92,440
1629109,Gary Clark,2021-22,0.7,-1.02,1.72,378
1629111,Jock Landale,2021-22,-0.64,-0.17,-0.48,586
1629111,Jock Landale,2022-23,8.45,1.1,7.34,980
1629111,Jock Landale,2023-24,10.18,0.03,10.15,760
1629117,Wenyen Gabriel,2021-22,4.46,-3.09,7.55,355
1629117,Wenyen Gabriel,2022-23,-0.56,1.02,-1.58,1021
1629117,Wenyen Gabriel,2023-24,-8.54,-5.23,-3.31,82
1629130,Duncan Robinson,2023-24,0.31,2.58,-2.27,1893
1629134,Kendrick Nunn,2022-23,-3.08,0.35,-3.42,961
1629139,Yuta Watanabe,2021-22,-3.28,2.98,-6.26,443
1629139,Yuta Watanabe,2022-23,-1.65,1.25,-2.89,934
1629139,Yuta Watanabe,2023-24,-5.06,2.11,-7.17,465
1629162,Jordan McLaughlin,2021-22,3.73,2.91,0.82,899
1629162,Jordan McLaughlin,2022-23,6.66,-0.73,7.39,676
1629162,Jordan McLaughlin,2023-24,10.95,5.81,5.14,623
1629164,Brandon Goodwin,2021-22,-6.82,2.7,-9.52,502
1629168,ID_1629168,2021-22,-3.37,-7.67,4.3,63
1629185,Chris Chiozza,2021-22,-6.21,6.84,-13.06,374
1629216,Gabe Vincent,2023-24,7.51,-0.38,7.89,219
1629234,Drew Eubanks,2021-22,-12.77,-2.62,-10.15,1247
1629234,Drew Eubanks,2022-23,-4.04,-2.86,-1.18,1579
1629234,Drew Eubanks,2023-24,-3.21,5.57,-8.78,1160
1629308,Juan Toscano-Anderson,2021-22,2.33,6.7,-4.37,992
1629308,Juan Toscano-Anderson,2022-23,-10.05,1.06,-11.11,696
1629308,Juan Toscano-Anderson,2023-24,3.61,1.81,1.8,52
1629312,Haywood Highsmith,2023-24,-0.21,2.39,-2.6,1362
1629599,Amir Coffey,2021-22,-0.84,1.22,-2.06,1568
1629599,Amir Coffey,2022-23,-8.42,3.46,-11.88,620
1629599,Amir Coffey,2023-24,-3.11,6.99,-10.1,1460
1629603,ID_1629603,2021-22,-4.25,-8.18,3.92,189
1629603,ID_1629603,2022-23,0.77,5.99,-5.22,170
1629604,CJ Elleby,2021-22,-13.59,-5.52,-8.07,1172
1629605,ID_1629605,2021-22,4.42,1.44,2.97,58
1629607,ID_1629607,2021-22,9.16,-0.96,10.12,43
1629610,ID_1629610,2023-24,-16.3,4.69,-20.99,48
1629611,Terance Mann,2021-22,2.33,-2.33,4.67,2321
1629611,Terance Mann,2022-23,2.16,1.11,1.05,1872
1629611,Terance Mann,2023-24,2.2,4.19,-1.99,1870
1629614,Andrew Nembhard,2022-23,-4.44,0.95,-5.39,2074
1629614,Andrew Nembhard,2023-24,3.23,4.95,-1.72,1700
1629617,ID_1629617,2021-22,-17.71,-7.45,-10.27,180
1629618,ID_1629618,2023-24,-0.04,5.49,-5.54,122
1629619,ID_1629619,2021-22,-21.72,3.27,-24.99,51
1629620,Justin Robinson,2021-22,-15.75,0.16,-15.92,283
1629622,Max Strus,2023-24,5.46,-1.87,7.33,2235
1629623,ID_1629623,2021-22,-16.21,3.52,-19.73,197
1629623,ID_1629623,2022-23,-25.69,1.98,-27.67,85
1629626,Bol Bol,2021-22,3.39,2.83,0.56,80
1629626,Bol Bol,2022-23,-3.83,-0.31,-3.53,1507
1629626,Bol Bol,2023-24,3.57,2.92,0.66,466
1629627,Zion Williamson,2022-23,6.23,0.74,5.5,948
1629627,Zion Williamson,2023-24,2.34,6.62,-4.29,2211
1629628,RJ Barrett,2021-22,-2.88,5.5,-8.38,2417
1629628,RJ Barrett,2022-23,-0.67,9.71,-10.38,2471
1629628,RJ Barrett,2023-24,-2.87,-1.17,-1.7,1840
1629629,Cam Reddish,2021-22,-9.6,3.68,-13.29,1008
1629629,Cam Reddish,2022-23,-7.85,0.75,-8.6,982
1629629,Cam Reddish,2023-24,-2.14,0.77,-2.91,982
1629630,Ja Morant,2021-22,4.43,6.89,-2.46,1888
1629630,Ja Morant,2022-23,7.12,1.02,6.11,1941
1629630,Ja Morant,2023-24,0.71,-5.82,6.53,314
1629631,De'Andre Hunter,2021-22,0.94,1.93,-0.99,1574
1629631,De'Andre Hunter,2022-23,-0.31,1.21,-1.52,2126
1629631,De'Andre Hunter,2023-24,-0.84,-1.68,0.84,1679
1629632,Coby White,2021-22,-0.94,0.08,-1.02,1677
1629632,Coby White,2022-23,4.38,-0.03,4.41,1723
1629632,Coby White,2023-24,-0.16,-2.64,2.48,2879
1629633,ID_1629633,2021-22,-1.14,6.36,-7.5,339
1629633,ID_1629633,2022-23,-2.7,0.51,-3.21,140
1629634,Brandon Clarke,2021-22,7.42,4.93,2.49,1252
1629634,Brandon Clarke,2022-23,1.26,5.07,-3.81,1090
1629634,Brandon Clarke,2023-24,-1.4,-5.44,4.04,139
1629636,Darius Garland,2021-22,6.55,-6.64,13.19,2427
1629636,Darius Garland,2022-23,8.53,1.33,7.2,2448
1629636,Darius Garland,2023-24,1.84,2.64,-0.8,1906
1629637,Jaxson Hayes,2021-22,0.37,-1.52,1.89,1393
1629637,Jaxson Hayes,2022-23,-6.44,3.57,-10.02,599
1629637,Jaxson Hayes,2023-24,-4.18,1.27,-5.45,885
1629638,Nickeil Alexander-Walker,2021-22,-3.32,1.4,-4.73,1463
1629638,Nickeil Alexander-Walker,2022-23,-2.72,0.18,-2.89,886
1629638,Nickeil Alexander-Walker,2023-24,8.39,4.95,3.44,1925
1629639,Tyler Herro,2023-24,0.29,2.16,-1.87,1406
1629640,Keldon Johnson,2021-22,1.63,-3.07,4.7,2387
1629640,Keldon Johnson,2022-23,-11.06,-6.65,-4.41,2064
1629640,Keldon Johnson,2023-24,-7.7,-4.93,-2.78,2034
1629641,Romeo Langford,2021-22,0.74,8.86,-8.12,771
1629641,Romeo Langford,2022-23,-8.09,-9.17,1.07,844
1629642,Nassir Little,2021-22,-0.28,-10.83,10.55,1092
1629642,Nassir Little,2022-23,-7.16,-2.08,-5.08,975
1629642,Nassir Little,2023-24,-9.15,4.6,-13.75,460
1629643,Chuma Okeke,2021-22,-8.36,-7,-1.36,1747
1629643,Chuma Okeke,2022-23,-10.06,-0.39,-9.67,515
1629643,Chuma Okeke,2023-24,-5.71,3.32,-9.03,431
1629644,KZ Okpala,2022-23,-1.16,3.72,-4.87,243
1629645,Kevin Porter Jr.,2021-22,-5.51,-9.71,4.2,1910
1629645,Kevin Porter Jr.,2022-23,-8.51,-7.95,-0.56,2025
1629646,Charles Bassey,2021-22,-8.93,3.48,-12.41,169
1629646,Charles Bassey,2022-23,-3.13,-9.79,6.67,507
1629646,Charles Bassey,2023-24,-12.21,-6.03,-6.18,205
1629647,Darius Bazley,2021-22,-11.09,-5.03,-6.05,1934
1629647,Darius Bazley,2022-23,-3.04,2.12,-5.17,620
1629647,Darius Bazley,2023-24,-10.68,-4.61,-6.07,144
1629649,Ignas Brazdeikis,2021-22,-14.55,-6.51,-8.04,534
1629650,ID_1629650,2021-22,-4.25,2.79,-7.04,341
1629650,ID_1629650,2022-23,3.83,1.43,2.4,286
1629650,ID_1629650,2023-24,-13.36,-7.93,-5.43,200
1629651,Nic Claxton,2021-22,-0.38,0.48,-0.86,981
1629651,Nic Claxton,2022-23,2.88,-2.55,5.43,2273
1629651,Nic Claxton,2023-24,-5.14,0.77,-5.91,2120
1629652,Luguentz Dort,2021-22,-7.9,-8.05,0.15,1670
1629652,Luguentz Dort,2022-23,1.5,1.87,-0.37,2271
1629652,Luguentz Dort,2023-24,8.07,7.3,0.76,2254
1629653,ID_1629653,2021-22,1.62,-0.4,2.02,87
1629653,ID_1629653,2022-23,-3.09,-0.89,-2.21,52
1629655,Daniel Gafford,2021-22,-6.98,-1.73,-5.25,1440
1629655,Daniel Gafford,2022-23,-2.17,-0.06,-2.11,1604
1629655,Daniel Gafford,2023-24,-1.3,-5.25,3.95,1817
1629656,Quentin Grimes,2021-22,-2.14,1,-3.14,788
1629656,Quentin Grimes,2022-23,4.56,1.82,2.74,2118
1629656,Quentin Grimes,2023-24,-1.12,4.1,-5.22,1026
1629658,ID_1629658,2021-22,-19.38,-7.26,-12.12,237
1629659,Talen Horton-Tucker,2021-22,-1.85,-3.57,1.72,1515
1629659,Talen Horton-Tucker,2022-23,0.35,-0.95,1.3,1315
1629659,Talen Horton-Tucker,2023-24,-4.59,-4.91,0.32,1014
1629660,Ty Jerome,2021-22,-2.14,-9.48,7.33,805
1629660,Ty Jerome,2022-23,-6.04,3.93,-9.96,812
1629661,Cameron Johnson,2021-22,7.59,8.88,-1.28,1726
1629661,Cameron Johnson,2022-23,6.9,0.53,6.36,1204
1629661,Cameron Johnson,2023-24,-2.42,-2.38,-0.05,1597
1629662,ID_1629662,2022-23,-3.99,7.89,-11.88,36
1629663,ID_1629663,2021-22,-10.22,-5.01,-5.21,104
1629663,ID_1629663,2022-23,9.16,4.85,4.31,28
1629667,Jalen McDaniels,2021-22,4.32,0.49,3.83,892
1629667,Jalen McDaniels,2022-23,-3,-3.35,0.35,1917
1629667,Jalen McDaniels,2023-24,-11.9,-4.6,-7.3,535
1629669,Jaylen Nowell,2021-22,2.08,3.43,-1.35,977
1629669,Jaylen Nowell,2022-23,-0.31,0.92,-1.23,1252
1629669,Jaylen Nowell,2023-24,-4.74,-6.13,1.4,213
1629670,Jordan Nwora,2021-22,-2.83,4.83,-7.65,1180
1629670,Jordan Nwora,2022-23,-9.67,1.42,-11.09,1184
1629670,Jordan Nwora,2023-24,-13.23,-1.64,-11.59,713
1629671,ID_1629671,2021-22,-36.04,6.64,-42.68,43
1629672,Eric Paschall,2021-22,-2.15,8.08,-10.23,735
1629673,Jordan Poole,2021-22,6.61,4.22,2.38,2284
1629673,Jordan Poole,2022-23,-0.74,6.17,-6.91,2458
1629673,Jordan Poole,2023-24,-10.03,-4.95,-5.08,2348
1629674,Neemias Queta,2021-22,-2.08,-5.24,3.16,121
1629674,Neemias Queta,2022-23,-40.91,3.75,-44.66,29
1629674,Neemias Queta,2023-24,20.52,10.93,9.59,332
1629675,Naz Reid,2021-22,-2.32,5.49,-7.82,1214
1629675,Naz Reid,2022-23,-3.87,2.56,-6.43,1250
1629675,Naz Reid,2023-24,6.31,6.92,-0.61,1962
1629676,Isaiah Roby,2021-22,-9.78,-7.43,-2.35,950
1629676,Isaiah Roby,2022-23,-9.96,-8.8,-1.16,474
1629677,ID_1629677,2022-23,-1.11,-0.49,-0.62,160
1629677,ID_1629677,2023-24,-6.68,-4.62,-2.07,404
1629678,Admiral Schofield,2021-22,-10.66,-7.19,-3.47,466
1629678,Admiral Schofield,2022-23,-7.58,-0.89,-6.69,450
1629678,Admiral Schofield,2023-24,-3.15,2.46,-5.61,84
1629680,Matisse Thybulle,2021-22,4.45,1.84,2.61,1685
1629680,Matisse Thybulle,2022-23,1.66,0.55,1.12,1192
1629680,Matisse Thybulle,2023-24,-6.71,-9.1,2.4,1494
1629681,Killian Tillie,2021-22,4.15,5.92,-1.78,463
1629682,ID_1629682,2021-22,-18.27,2.5,-20.77,41
1629683,ID_1629683,2021-22,-11,5.91,-16.91,72
1629684,Grant Williams,2021-22,4.14,10.8,-6.66,1874
1629684,Grant Williams,2022-23,6.27,9.36,-3.09,2041
1629684,Grant Williams,2023-24,-5.35,-0.95,-4.41,2124
1629685,ID_1629685,2021-22,-2.09,1.95,-4.04,455
1629685,ID_1629685,2023-24,-3.18,-0.88,-2.3,104
1629686,ID_1629686,2021-22,-42.88,-6.63,-36.25,26
1629712,ID_1629712,2021-22,-27.11,-7.3,-19.81,122
1629714,ID_1629714,2022-23,13.89,-0.67,14.55,41
1629716,ID_1629716,2023-24,-8.54,-9.51,0.98,118
1629717,Armoni Brooks,2021-22,-3.6,-6.51,2.91,839
1629717,Armoni Brooks,2023-24,16.86,-2.91,19.76,103
1629718,ID_1629718,2021-22,3.04,2.95,0.1,159
1629718,ID_1629718,2023-24,0.22,4.47,-4.25,38
1629719,ID_1629719,2021-22,-1.61,-0.19,-1.41,123
1629723,John Konchar,2021-22,3.73,6.68,-2.96,1296
1629723,John Konchar,2022-23,7.24,2.06,5.18,1492
1629723,John Konchar,2023-24,-4.52,-5.63,1.11,1170
1629726,Garrison Mathews,2021-22,-4.86,-9.83,4.97,1707
1629726,Garrison Mathews,2022-23,-5.76,-7.46,1.71,688
1629726,Garrison Mathews,2023-24,-2.87,-0.81,-2.06,997
1629730,ID_1629730,2021-22,-1.82,2.71,-4.53,69
1629731,Dean Wade,2021-22,1.29,1.55,-0.26,974
1629731,Dean Wade,2022-23,6.7,5.5,1.2,894
1629731,Dean Wade,2023-24,8.11,-0.02,8.13,1112
1629744,Matt Thomas,2021-22,2.9,-0.78,3.68,463
1629750,Javonte Green,2021-22,1.64,-1.6,3.24,1517
1629750,Javonte Green,2022-23,6.75,1.22,5.53,476
1629750,Javonte Green,2023-24,5.53,-1.24,6.77,230
1629752,ID_1629752,2021-22,-33.68,2.53,-36.2,27
1629755,ID_1629755,2021-22,-1.94,-7.86,5.92,173
1629833,Keljin Blevins,2021-22,-26.92,-6.05,-20.87,353
1629875,ID_1629875,2021-22,0.29,0.41,-0.12,139
1629875,ID_1629875,2022-23,7.48,1.58,5.9,20
1629875,ID_1629875,2023-24,-14.8,3.82,-18.62,121
1629962,ID_1629962,2021-22,-2.25,-7.81,5.55,146
1630162,Anthony Edwards,2021-22,4.5,0.76,3.74,2468
1630162,Anthony Edwards,2022-23,1.99,-3.15,5.14,2836
1630162,Anthony Edwards,2023-24,7.2,5.27,1.93,2771
1630163,LaMelo Ball,2021-22,2.32,-0.16,2.48,2419
1630163,LaMelo Ball,2022-23,-4,-5.84,1.84,1267
1630163,LaMelo Ball,2023-24,-7.79,-9.86,2.07,717
1630164,James Wiseman,2022-23,-17.13,-3.46,-13.68,862
1630164,James Wiseman,2023-24,-12.58,-6.04,-6.55,1086
1630165,Killian Hayes,2021-22,-9.71,-4.83,-4.88,1651
1630165,Killian Hayes,2022-23,-11.23,-4.02,-7.21,2152
1630165,Killian Hayes,2023-24,-10.88,-6.79,-4.08,1012
1630166,Deni Avdija,2021-22,-1.95,-5.32,3.38,1981
1630166,Deni Avdija,2022-23,-0.55,-1.3,0.75,2028
1630166,Deni Avdija,2023-24,-5.36,-11.42,6.05,2247
1630167,Obi Toppin,2021-22,7.88,-3.01,10.89,1228
1630167,Obi Toppin,2022-23,3.33,3.25,0.08,1046
1630167,Obi Toppin,2023-24,4.67,3.85,0.82,1726
1630168,Onyeka Okongwu,2021-22,5.64,0.16,5.48,989
1630168,Onyeka Okongwu,2022-23,2.43,-1.39,3.82,1853
1630168,Onyeka Okongwu,2023-24,-0.46,-1.8,1.34,1408
1630169,Tyrese Haliburton,2021-22,-4.68,-3.5,-1.19,2688
1630169,Tyrese Haliburton,2022-23,0.55,-4.09,4.64,1883
1630169,Tyrese Haliburton,2023-24,8.19,-0.96,9.15,2227
1630170,Devin Vassell,2021-22,0.74,-1.18,1.93,1942
1630170,Devin Vassell,2022-23,-9.5,-8.7,-0.8,1184
1630170,Devin Vassell,2023-24,-6.04,-6.76,0.72,2245
1630171,Isaac Okoro,2021-22,2.28,0.68,1.61,1980
1630171,Isaac Okoro,2022-23,6.37,5.34,1.02,1648
1630171,Isaac Okoro,2023-24,1.94,2.55,-0.62,1886
1630172,Patrick Williams,2021-22,-6.06,0.33,-6.39,419
1630172,Patrick Williams,2022-23,-2.16,7.51,-9.66,2314
1630172,Patrick Williams,2023-24,-0.56,-0.97,0.41,1171
1630173,Precious Achiuwa,2021-22,2.29,2.27,0.01,1723
1630173,Precious Achiuwa,2022-23,-1.47,2.63,-4.1,1143
1630173,Precious Achiuwa,2023-24,-0.81,2.91,-3.72,1624
1630174,Aaron Nesmith,2021-22,2.64,8.51,-5.87,571
1630174,Aaron Nesmith,2022-23,-4.33,0.2,-4.53,1814
1630174,Aaron Nesmith,2023-24,4.83,3.57,1.27,1995
1630175,Cole Anthony,2021-22,-5.48,-9.9,4.42,2054
1630175,Cole Anthony,2022-23,1.02,-3.38,4.4,1552
1630175,Cole Anthony,2023-24,2.99,1.77,1.22,1824
1630176,ID_1630176,2021-22,-40.84,-3.37,-37.47,28
1630176,ID_1630176,2022-23,-16.33,-0.81,-15.52,28
1630177,Theo Maledon,2021-22,-9.93,-7.41,-2.53,909
1630177,Theo Maledon,2022-23,-7.3,-4.68,-2.62,859
1630177,Theo Maledon,2023-24,-9.88,-9.46,-0.42,201
1630178,Tyrese Maxey,2021-22,3.8,1.22,2.59,2657
1630178,Tyrese Maxey,2022-23,5.29,4.46,0.83,2010
1630178,Tyrese Maxey,2023-24,6,-0.3,6.3,2631
1630180,Saddiq Bey,2021-22,-8.49,-3.36,-5.13,2706
1630180,Saddiq Bey,2022-23,-3.06,-6.05,2.99,2134
1630180,Saddiq Bey,2023-24,-0.03,-2.73,2.7,2068
1630181,R.J. Hampton,2021-22,-14.32,-3.88,-10.44,1406
1630181,R.J. Hampton,2022-23,-8.1,-4.6,-3.5,746
1630181,R.J. Hampton,2023-24,11.2,1.3,9.9,77
1630182,Josh Green,2021-22,3.81,3.38,0.43,1040
1630182,Josh Green,2022-23,2.14,-0.83,2.97,1545
1630182,Josh Green,2023-24,-2.04,5.56,-7.6,1508
1630183,Jaden McDaniels,2021-22,0.56,5.21,-4.65,1800
1630183,Jaden McDaniels,2022-23,2.96,-3.27,6.23,2416
1630183,Jaden McDaniels,2023-24,4.12,9.45,-5.33,2104
1630184,Kira Lewis Jr.,2021-22,-13.21,0.32,-13.53,342
1630184,Kira Lewis Jr.,2022-23,12.94,1.38,11.56,231
1630184,Kira Lewis Jr.,2023-24,-10.72,0.61,-11.34,263
1630186,ID_1630186,2021-22,-7.92,-5.04,-2.87,135
1630186,ID_1630186,2023-24,-8.34,-5.5,-2.84,119
1630187,ID_1630187,2021-22,-36,2.56,-38.56,29
1630188,Jalen Smith,2021-22,4.93,2.12,2.82,925
1630188,Jalen Smith,2022-23,-2.3,-1.68,-0.62,1276
1630188,Jalen Smith,2023-24,0.84,5.42,-4.57,1044
1630190,Elijah Hughes,2021-22,-22.33,-3.25,-19.08,436
1630191,Isaiah Stewart,2021-22,-9.11,-4.96,-4.15,1818
1630191,Isaiah Stewart,2022-23,-8.13,-7.84,-0.29,1413
1630191,Isaiah Stewart,2023-24,-2.84,-10.65,7.81,1419
1630192,Zeke Nnaji,2021-22,-1.27,3.72,-4.98,696
1630192,Zeke Nnaji,2022-23,-6.06,4.57,-10.63,731
1630192,Zeke Nnaji,2023-24,-11.52,8.19,-19.7,572
1630193,Immanuel Quickley,2021-22,8.17,-6.13,14.3,1800
1630193,Immanuel Quickley,2022-23,6.76,-1.68,8.44,2342
1630193,Immanuel Quickley,2023-24,-0.97,-2.08,1.12,1982
1630194,Paul Reed,2021-22,-8.09,3.87,-11.96,304
1630194,Paul Reed,2022-23,1,5.79,-4.79,755
1630194,Paul Reed,2023-24,4.88,3.23,1.64,1582
1630195,ID_1630195,2021-22,-1.25,3.38,-4.63,241
1630195,ID_1630195,2022-23,2.52,-0.57,3.08,68
1630197,Aleksej Pokusevski,2021-22,-2.91,-10.29,7.38,1235
1630197,Aleksej Pokusevski,2022-23,-10.56,4.29,-14.85,703
1630197,Aleksej Pokusevski,2023-24,-7.18,-7.24,0.06,410
1630198,Isaiah Joe,2021-22,3.43,2.86,0.57,615
1630198,Isaiah Joe,2022-23,4.56,0.09,4.47,1393
1630198,Isaiah Joe,2023-24,9.61,6.67,2.94,1444
1630199,ID_1630199,2021-22,0.56,-7.17,7.73,155
1630200,Tre Jones,2021-22,-2.79,0.8,-3.59,1147
1630200,Tre Jones,2022-23,-7.39,-10.49,3.1,1987
1630200,Tre Jones,2023-24,-0.88,-12.76,11.88,2139
1630201,Malachi Flynn,2021-22,-0.8,2.76,-3.57,538
1630201,Malachi Flynn,2022-23,-2.76,2.33,-5.09,691
1630201,Malachi Flynn,2023-24,-8.93,-5.55,-3.37,874
1630202,Payton Pritchard,2021-22,2.25,9.5,-7.24,1007
1630202,Payton Pritchard,2022-23,1.99,8.89,-6.9,643
1630202,Payton Pritchard,2023-24,13.52,10.22,3.3,1824
1630204,ID_1630204,2023-24,1.07,-9,10.07,315
1630205,Lamar Stevens,2021-22,-2.15,2.74,-4.89,1009
1630205,Lamar Stevens,2022-23,1.49,7.43,-5.95,1115
1630205,Lamar Stevens,2023-24,2.32,-2.13,4.46,562
1630206,ID_1630206,2021-22,7.6,0.18,7.42,119
1630206,ID_1630206,2022-23,-29.6,-1.45,-28.15,29
1630207,ID_1630207,2023-24,10.96,1.81,9.15,74
1630208,Nick Richards,2021-22,-12.09,2.73,-14.82,369
1630208,Nick Richards,2022-23,-3.09,-6.21,3.12,1219
1630208,Nick Richards,2023-24,-11.2,-8.09,-3.11,1760
1630209,Omer Yurtseven,2023-24,-12.83,-3.55,-9.27,544
1630210,ID_1630210,2021-22,-7.73,3.34,-11.07,177
1630214,Xavier Tillman,2021-22,-0.14,6.98,-7.12,702
1630214,Xavier Tillman,2022-23,0.77,5.41,-4.64,1184
1630214,Xavier Tillman,2023-24,-0.74,-0.52,-0.21,974
1630215,Jared Butler,2021-22,0.63,6.73,-6.09,355
1630215,Jared Butler,2022-23,2.46,1.65,0.81,76
1630215,Jared Butler,2023-24,-2.94,-8.82,5.88,571
1630216,ID_1630216,2021-22,2.79,-3.7,6.49,39
1630217,Desmond Bane,2021-22,7.33,3.57,3.76,2262
1630217,Desmond Bane,2022-23,8.88,-0.23,9.11,1843
1630217,Desmond Bane,2023-24,-4.89,-5.53,0.64,1439
1630218,ID_1630218,2021-22,17.15,-5.38,22.53,42
1630219,Skylar Mays,2021-22,-14.52,2.48,-17,218
1630219,Skylar Mays,2022-23,-16.57,-2.67,-13.9,188
1630219,Skylar Mays,2023-24,-8.08,-6.57,-1.51,439
1630222,ID_1630222,2021-22,15.72,-3.16,18.88,51
1630222,ID_1630222,2023-24,-9.01,1.91,-10.92,28
1630224,Jalen Green,2021-22,-10.68,-4.11,-6.57,2139
1630224,Jalen Green,2022-23,-9.02,-6.72,-2.3,2608
1630224,Jalen Green,2023-24,0.81,4.22,-3.42,2607
1630225,ID_1630225,2021-22,-16,-3.39,-12.61,76
1630225,ID_1630225,2022-23,-5.83,-0.84,-4.99,61
1630227,Daishen Nix,2021-22,-7.71,-7.67,-0.04,260
1630227,Daishen Nix,2022-23,-7.11,-8.57,1.46,914
1630227,Daishen Nix,2023-24,27.22,6.36,20.86,50
1630228,Jonathan Kuminga,2021-22,1.61,7.32,-5.71,1184
1630228,Jonathan Kuminga,2022-23,-1.09,3.49,-4.58,1392
1630228,Jonathan Kuminga,2023-24,3.06,1.1,1.97,1944
1630230,Naji Marshall,2021-22,-2.34,-0.51,-1.82,729
1630230,Naji Marshall,2022-23,0.64,3.21,-2.57,1782
1630230,Naji Marshall,2023-24,8.49,2.24,6.25,1257
1630231,KJ Martin,2021-22,-6.92,-8.22,1.31,1649
1630231,KJ Martin,2022-23,-8.1,-8.42,0.32,2292
1630231,KJ Martin,2023-24,1.11,4.43,-3.32,750
1630233,ID_1630233,2021-22,6.42,2.85,3.57,270
1630233,ID_1630233,2022-23,-3.99,0.89,-4.88,295
1630235,Trent Forrest,2021-22,5.21,6.41,-1.2,762
1630235,Trent Forrest,2022-23,-7.09,0.95,-8.05,276
1630235,Trent Forrest,2023-24,-7.32,-0.63,-6.69,417
1630237,Anthony Lamb,2022-23,1.75,1.94,-0.19,1186
1630238,ID_1630238,2021-22,-11.88,7.04,-18.92,61
1630240,Saben Lee,2021-22,-4.57,-7.28,2.71,608
1630240,Saben Lee,2022-23,-6.18,3.85,-10.03,365
1630240,Saben Lee,2023-24,3.01,2.99,0.02,183
1630241,Sam Merrill,2021-22,-16.4,6.05,-22.45,59
1630241,Sam Merrill,2022-23,-2.58,5.89,-8.47,56
1630241,Sam Merrill,2023-24,1.11,2.69,-1.58,1070
1630243,ID_1630243,2021-22,3.26,-7.88,11.14,73
1630243,ID_1630243,2022-23,9.41,-2.08,11.49,69
1630243,ID_1630243,2023-24,1.04,2.39,-1.35,162
1630245,Ayo Dosunmu,2021-22,-4.79,4.75,-9.54,2112
1630245,Ayo Dosunmu,2022-23,-0.95,5.03,-5.98,2095
1630245,Ayo Dosunmu,2023-24,-2.66,1.4,-4.06,2206
1630249,Vít Krejčí,2021-22,-12.15,-7.12,-5.03,686
1630249,Vít Krejčí,2022-23,-1.3,0.47,-1.77,169
1630249,Vít Krejčí,2023-24,1.41,-1.76,3.17,542
1630250,ID_1630250,2021-22,3.93,-0.39,4.32,37
1630250,ID_1630250,2022-23,28.21,1.75,26.47,20
1630256,Jae'Sean Tate,2021-22,-7.9,-7.44,-0.46,2050
1630256,Jae'Sean Tate,2022-23,-8.92,-8.09,-0.82,682
1630256,Jae'Sean Tate,2023-24,5.65,0.7,4.95,1024
1630259,ID_1630259,2023-24,35.54,1.65,33.88,21
1630264,Anthony Gill,2021-22,6.02,-4.91,10.93,461
1630264,Anthony Gill,2022-23,-1.42,-0.82,-0.6,626
1630264,Anthony Gill,2023-24,1.57,-9.25,10.82,466
1630267,Facundo Campazzo,2021-22,-6.68,6.9,-13.58,1184
1630267,Facundo Campazzo,2022-23,9.74,0.19,9.55,53
1630270,ID_1630270,2021-22,-1.37,6.24,-7.61,31
1630270,ID_1630270,2022-23,-22.07,-5.04,-17.03,48
1630271,ID_1630271,2021-22,5.47,7.7,-2.23,60
1630273,ID_1630273,2021-22,-12.67,-7.45,-5.23,117
1630284,Kevon Harris,2022-23,0.04,-1.87,1.91,454
1630285,ID_1630285,2021-22,-25.86,-7.16,-18.7,175
1630285,ID_1630285,2023-24,-7.97,-5.19,-2.79,164
1630288,Jeff Dowtin Jr.,2021-22,-8.59,-4.01,-4.58,104
1630288,Jeff Dowtin Jr.,2022-23,-0.05,1.55,-1.6,257
1630288,Jeff Dowtin Jr.,2023-24,7,3.77,3.23,142
1630296,ID_1630296,2021-22,9.72,-7.72,17.44,194
1630296,ID_1630296,2023-24,-6.27,5.5,-11.77,61
1630311,ID_1630311,2023-24,-20.07,2.22,-22.28,27
1630314,Brandon Williams,2021-22,-21.37,-5.29,-16.08,644
1630314,Brandon Williams,2023-24,-21.74,3.37,-25.12,114
1630322,Lindy Waters III,2021-22,-3.78,-8.55,4.76,465
1630322,Lindy Waters III,2022-23,10.56,0.3,10.26,528
1630322,Lindy Waters III,2023-24,-4.29,8.67,-12.97,288
1630346,Matt Ryan,2022-23,1.6,0.5,1.11,308
1630346,Matt Ryan,2023-24,0.75,4.62,-3.86,399
1630466,ID_1630466,2021-22,-20.07,-7.82,-12.25,54
1630526,Jeremiah Robinson-Earl,2021-22,-10.41,-7.08,-3.33,1084
1630526,Jeremiah Robinson-Earl,2022-23,0.13,2.06,-1.93,813
1630526,Jeremiah Robinson-Earl,2023-24,-0.13,4.63,-4.76,335
1630527,Brandon Boston,2021-22,-1.04,0.75,-1.79,763
1630527,Brandon Boston,2022-23,-9.7,2.36,-12.06,247
1630527,Brandon Boston,2023-24,-13.75,4.88,-18.63,346
1630528,Josh Christopher,2021-22,-9.15,-6.93,-2.22,1322
1630528,Josh Christopher,2022-23,-13.4,-6.96,-6.44,786
1630529,Herbert Jones,2021-22,2.18,-5.25,7.43,2339
1630529,Herbert Jones,2022-23,4.48,-0.3,4.79,1946
1630529,Herbert Jones,2023-24,4.84,3.34,1.5,2329
1630530,Trey Murphy III,2021-22,-2.3,-0.44,-1.86,867
1630530,Trey Murphy III,2022-23,0.86,3.99,-3.14,2444
1630530,Trey Murphy III,2023-24,7.19,1.99,5.2,1696
1630531,Jaden Springer,2022-23,-0.17,5,-5.16,89
1630531,Jaden Springer,2023-24,1.12,6.52,-5.41,503
1630532,Franz Wagner,2021-22,-4.46,-12.6,8.14,2425
1630532,Franz Wagner,2022-23,1.4,-7.58,8.98,2605
1630532,Franz Wagner,2023-24,4.63,-0.98,5.61,2336
1630533,Ziaire Williams,2021-22,4.98,6.09,-1.12,1343
1630533,Ziaire Williams,2022-23,-4.6,5.44,-10.05,562
1630533,Ziaire Williams,2023-24,-9,-3.98,-5.02,1044
1630534,Ochai Agbaji,2022-23,-0.7,-0.43,-0.27,1208
1630534,Ochai Agbaji,2023-24,-6.66,-4.8,-1.86,1639
1630535,Greg Brown III,2021-22,-15.17,-6.5,-8.67,645
1630535,Greg Brown III,2022-23,-3.02,-3.34,0.32,93
1630535,Greg Brown III,2023-24,-9.39,2.77,-12.16,41
1630536,ID_1630536,2021-22,-49.96,2.05,-52.01,39
1630537,Chris Duarte,2021-22,-0.69,-2.17,1.48,1532
1630537,Chris Duarte,2022-23,-4.79,-1.02,-3.77,897
1630537,Chris Duarte,2023-24,-4.27,3.18,-7.45,719
1630538,Bones Hyland,2021-22,2.14,3.18,-1.04,1305
1630538,Bones Hyland,2022-23,-5.68,4.64,-10.33,1086
1630538,Bones Hyland,2023-24,-4.99,4.55,-9.54,540
1630539,Kai Jones,2021-22,-10.25,1.54,-11.78,62
1630539,Kai Jones,2022-23,-2.85,-5.64,2.79,552
1630540,Miles McBride,2021-22,14.42,-1.07,15.49,369
1630540,Miles McBride,2022-23,4.62,2.96,1.66,760
1630540,Miles McBride,2023-24,0.06,6.64,-6.58,1328
1630541,Moses Moody,2021-22,-2.93,7.15,-10.09,606
1630541,Moses Moody,2022-23,-1.2,2.67,-3.88,807
1630541,Moses Moody,2023-24,3.5,1.47,2.03,1153
1630543,Isaiah Jackson,2021-22,-1.52,-1.61,0.09,538
1630543,Isaiah Jackson,2022-23,-4.65,-0.89,-3.76,1042
1630543,Isaiah Jackson,2023-24,4.12,4.23,-0.11,775
1630544,Tre Mann,2021-22,-9.75,-7.06,-2.68,1370
1630544,Tre Mann,2022-23,2.43,1.34,1.09,1185
1630544,Tre Mann,2023-24,-6.42,-7.89,1.47,992
1630547,James Bouknight,2021-22,-5.33,1.9,-7.22,298
1630547,James Bouknight,2022-23,-7.61,-4.9,-2.72,517
1630547,James Bouknight,2023-24,-7.09,-9.53,2.44,83
1630548,Johnny Juzang,2022-23,-16.17,0.45,-16.62,230
1630548,Johnny Juzang,2023-24,-2.28,-5.1,2.81,378
1630549,Day'Ron Sharpe,2021-22,6.35,-0.4,6.75,389
1630549,Day'Ron Sharpe,2022-23,-7.95,1.96,-9.9,556
1630549,Day'Ron Sharpe,2023-24,4.58,-4.5,9.08,916
1630550,JT Thor,2021-22,2.73,1.26,1.47,259
1630550,JT Thor,2022-23,-7.09,-4.65,-2.44,972
1630550,JT Thor,2023-24,-1.45,-11.47,10.03,784
1630551,ID_1630551,2021-22,5.98,2,3.97,276
1630551,ID_1630551,2022-23,-5.8,7.86,-13.66,23
1630551,ID_1630551,2023-24,-10.06,-7.84,-2.22,235
1630552,Jalen Johnson,2021-22,-7.76,1.82,-9.58,118
1630552,Jalen Johnson,2022-23,0.92,0.21,0.72,1040
1630552,Jalen Johnson,2023-24,-1.59,-1.09,-0.49,1888
1630553,Keon Johnson,2021-22,-18,-4.35,-13.65,700
1630553,Keon Johnson,2022-23,-16.24,-1.82,-14.41,414
1630553,Keon Johnson,2023-24,-19.75,-2.12,-17.63,61
1630554,ID_1630554,2022-23,-2.16,1.73,-3.89,124
1630554,ID_1630554,2023-24,14.33,-5.17,19.5,70
1630555,ID_1630555,2021-22,16.37,-3.74,20.11,21
1630556,Kessler Edwards,2021-22,-3.22,1.42,-4.64,987
1630556,Kessler Edwards,2022-23,2.31,2.89,-0.58,387
1630556,Kessler Edwards,2023-24,-5.75,2.38,-8.13,269
1630557,Corey Kispert,2021-22,0.15,-6.79,6.94,1805
1630557,Corey Kispert,2022-23,-2.36,0.71,-3.07,2088
1630557,Corey Kispert,2023-24,-9.44,-6.36,-3.08,2068
1630558,Davion Mitchell,2021-22,-6.11,-4.07,-2.03,2080
1630558,Davion Mitchell,2022-23,3.7,3.26,0.44,1442
1630558,Davion Mitchell,2023-24,-1.98,3.29,-5.27,1096
1630559,Austin Reaves,2021-22,1.18,-5.16,6.34,1412
1630559,Austin Reaves,2022-23,5.16,-3.34,8.5,1847
1630559,Austin Reaves,2023-24,-1.72,3.54,-5.26,2632
1630560,Cam Thomas,2021-22,-6.59,3.17,-9.76,1181
1630560,Cam Thomas,2022-23,-1.99,1.38,-3.36,956
1630560,Cam Thomas,2023-24,-5.44,0.96,-6.41,2074
1630561,David Duke Jr.,2021-22,-1.79,0.46,-2.24,339
1630561,David Duke Jr.,2022-23,-8.07,1.11,-9.17,233
1630561,David Duke Jr.,2023-24,2.8,-6.47,9.28,52
1630562,ID_1630562,2023-24,-5.78,-5.29,-0.5,112
1630563,Joshua Primo,2021-22,-2.94,0.63,-3.57,968
1630563,Joshua Primo,2022-23,4.49,-9.25,13.75,91
1630564,ID_1630564,2022-23,-22.23,0.78,-23.01,37
1630564,ID_1630564,2023-24,11.54,-6.53,18.07,40
1630567,Scottie Barnes,2021-22,1.35,4.09,-2.74,2615
1630567,Scottie Barnes,2022-23,2.62,-1,3.61,2679
1630567,Scottie Barnes,2023-24,-2.4,-9.16,6.77,2097
1630568,Luka Garza,2021-22,-2.91,-7.3,4.39,391
1630568,Luka Garza,2022-23,2.84,0.38,2.46,243
1630568,Luka Garza,2023-24,-1.55,6.89,-8.44,124
1630570,Trendon Watford,2021-22,-16.85,-5.39,-11.46,870
1630570,Trendon Watford,2022-23,-5.9,-2.25,-3.66,1175
1630570,Trendon Watford,2023-24,-3.88,-1.99,-1.89,849
1630572,Sandro Mamukelashvili,2021-22,-15.29,4.58,-19.87,406
1630572,Sandro Mamukelashvili,2022-23,-10.18,-5.15,-5.03,664
1630572,Sandro Mamukelashvili,2023-24,5.62,-7.9,13.52,454
1630573,Sam Hauser,2021-22,0.74,7.96,-7.22,159
1630573,Sam Hauser,2022-23,8,7.68,0.32,1294
1630573,Sam Hauser,2023-24,13.84,10.1,3.74,1736
1630577,Julian Champagnie,2022-23,-11.32,-8.74,-2.58,314
1630577,Julian Champagnie,2023-24,-4.52,-7.43,2.91,1466
1630578,Alperen Sengun,2021-22,-9.29,-6.7,-2.6,1487
1630578,Alperen Sengun,2022-23,-7.93,-8.61,0.68,2176
1630578,Alperen Sengun,2023-24,1.45,2.54,-1.1,2048
1630579,Jericho Sims,2021-22,9.41,-1.09,10.5,551
1630579,Jericho Sims,2022-23,-5.44,5.5,-10.93,810
1630579,Jericho Sims,2023-24,-0.89,5.35,-6.25,583
1630580,ID_1630580,2021-22,2.52,-0.39,2.91,206
1630580,ID_1630580,2022-23,0.25,1.46,-1.2,50
1630581,Josh Giddey,2021-22,-8.74,-7.43,-1.31,1700
1630581,Josh Giddey,2022-23,-1.46,6.26,-7.73,2363
1630581,Josh Giddey,2023-24,8.33,7.13,1.19,2009
1630582,ID_1630582,2021-22,-18.28,6.15,-24.42,70
1630583,Santi Aldama,2021-22,0.6,6.22,-5.63,357
1630583,Santi Aldama,2022-23,2.35,5.25,-2.9,1682
1630583,Santi Aldama,2023-24,-7.99,-3.46,-4.53,1614
1630586,Usman Garuba,2021-22,4.86,-8.46,13.32,232
1630586,Usman Garuba,2022-23,-11.26,-7.25,-4.02,974
1630587,Isaiah Livers,2021-22,-2.12,-7.38,5.26,384
1630587,Isaiah Livers,2022-23,-7.94,-7.94,0,1194
1630587,Isaiah Livers,2023-24,-18.72,-6.37,-12.35,469
1630590,Scotty Pippen Jr.,2022-23,-5.77,0.66,-6.43,31
1630590,Scotty Pippen Jr.,2023-24,-6.02,-5.19,-0.83,529
1630591,Jalen Suggs,2021-22,-7.14,-7.83,0.68,1302
1630591,Jalen Suggs,2022-23,-0.61,-2.13,1.53,1242
1630591,Jalen Suggs,2023-24,0.88,3.87,-2.99,2026
1630592,Jalen Wilson,2023-24,-0.48,-2.78,2.31,663
1630593,McKinley Wright IV,2022-23,-13.82,1.62,-15.45,338
1630595,Cade Cunningham,2021-22,-5.44,-8.46,3.01,2088
1630595,Cade Cunningham,2022-23,-4.42,-8.34,3.92,399
1630595,Cade Cunningham,2023-24,-5.75,-10.14,4.39,2064
1630596,Evan Mobley,2021-22,1.68,1.21,0.46,2327
1630596,Evan Mobley,2022-23,6.22,4.78,1.45,2718
1630596,Evan Mobley,2023-24,1.4,2.8,-1.41,1530
1630598,Aaron Wiggins,2021-22,-7.54,-8.18,0.65,1199
1630598,Aaron Wiggins,2022-23,2.04,1.48,0.57,1298
1630598,Aaron Wiggins,2023-24,6.61,8.24,-1.63,1233
1630600,ID_1630600,2022-23,22.36,5.42,16.94,82
1630600,ID_1630600,2023-24,-25.1,2.76,-27.86,71
1630602,ID_1630602,2021-22,-7.62,0.78,-8.4,106
1630604,ID_1630604,2023-24,-7.87,4.3,-12.16,23
1630606,ID_1630606,2021-22,-8.35,2.98,-11.33,155
1630610,ID_1630610,2023-24,-3.58,-5.37,1.79,151
1630611,ID_1630611,2023-24,5.66,1.88,3.78,191
1630612,ID_1630612,2021-22,-13.36,1.72,-15.09,62
1630613,Duane Washington Jr.,2021-22,-4.15,-0.78,-3.37,964
1630613,Duane Washington Jr.,2022-23,-0.75,3.33,-4.08,393
1630618,ID_1630618,2023-24,-39.62,-5.28,-34.34,35
1630620,ID_1630620,2022-23,2.09,-8.3,10.39,26
1630625,Dalano Banton,2021-22,2.49,2.24,0.25,695
1630625,Dalano Banton,2022-23,-5.88,2,-7.89,282
1630625,Dalano Banton,2023-24,-11.02,-3.51,-7.52,1049
1630631,Jose Alvarado,2021-22,7.57,-3.09,10.66,830
1630631,Jose Alvarado,2022-23,4.8,0.7,4.1,1302
1630631,Jose Alvarado,2023-24,10.96,1.86,9.1,1029
1630637,ID_1630637,2022-23,22.09,1.6,20.5,55
1630639,ID_1630639,2022-23,-18.75,0.85,-19.6,109
1630639,ID_1630639,2023-24,2.7,2.64,0.06,307
1630641,Ibou Badji,2023-24,-15.48,-7.76,-7.72,229
1630643,ID_1630643,2021-22,33.71,-3.1,36.81,20
1630643,ID_1630643,2022-23,-5.81,-0.8,-5.01,95
1630643,ID_1630643,2023-24,-6.52,5.47,-12,50
1630644,ID_1630644,2021-22,15.38,-3.02,18.39,22
1630644,ID_1630644,2022-23,22.56,4.69,17.87,42
1630647,Eugene Omoruyi,2022-23,0.17,-4.31,4.48,645
1630647,Eugene Omoruyi,2023-24,-13.8,-7.32,-6.48,396
1630648,ID_1630648,2021-22,12.93,-3.76,16.69,30
1630649,Stanley Umude,2023-24,-7.97,-7.83,-0.14,304
1630658,ID_1630658,2023-24,-36.42,0.58,-37,57
1630678,Terry Taylor,2021-22,-4.56,-0.95,-3.61,712
1630678,Terry Taylor,2022-23,5.97,-1.53,7.51,264
1630678,Terry Taylor,2023-24,-1.37,-0.82,-0.54,186
1630686,ID_1630686,2021-22,-27.16,-4.96,-22.2,213
1630688,Ish Wainright,2021-22,6.53,8.49,-1.97,357
1630688,Ish Wainright,2022-23,6.32,1.9,4.42,913
1630688,Ish Wainright,2023-24,1.02,-8.32,9.34,48
1630691,ID_1630691,2021-22,2.75,-7.32,10.06,177
1630692,Jordan Goodwin,2022-23,-4,0.28,-4.27,1102
1630692,Jordan Goodwin,2023-24,-3.66,-0.49,-3.17,1061
1630695,ID_1630695,2021-22,-52.2,-6.51,-45.69,31
1630695,ID_1630695,2022-23,-3.36,-0.48,-2.88,52
1630695,ID_1630695,2023-24,-8.14,-4.66,-3.48,189
1630696,ID_1630696,2022-23,-8.11,0.77,-8.88,92
1630696,ID_1630696,2023-24,-14.52,2.03,-16.55,128
1630698,ID_1630698,2021-22,-12.84,2.12,-14.96,167
1630699,MarJon Beauchamp,2022-23,-6.85,3.14,-10,694
1630699,MarJon Beauchamp,2023-24,-0.27,2.9,-3.17,614
1630700,Dyson Daniels,2022-23,-0.56,2.98,-3.55,1036
1630700,Dyson Daniels,2023-24,3.38,4.67,-1.29,1360
1630702,Jaden Hardy,2022-23,-0.58,0.51,-1.09,711
1630702,Jaden Hardy,2023-24,-5.34,5.31,-10.65,986
1630703,Scoot Henderson,2023-24,-12.43,-4.83,-7.59,1770
1630758,ID_1630758,2021-22,-15.88,-7.44,-8.43,73
1630787,ID_1630787,2021-22,7.44,-8.09,15.53,44
1630792,ID_1630792,2021-22,-6.47,0.43,-6.91,211
1630846,Olivier Sarr,2021-22,-2.81,-8.6,5.78,416
1630846,Olivier Sarr,2022-23,5.75,1.54,4.21,114
1630846,Olivier Sarr,2023-24,0.1,7.93,-7.84,101
1630929,ID_1630929,2023-24,8.67,-0.92,9.59,28
1630994,ID_1630994,2021-22,20.88,8.17,12.71,45
1631093,Jaden Ivey,2022-23,-13.11,-0.74,-12.36,2306
1631093,Jaden Ivey,2023-24,-6.64,-9.37,2.73,2213
1631094,Paolo Banchero,2022-23,-3.49,1.28,-4.76,2428
1631094,Paolo Banchero,2023-24,0.21,7.5,-7.3,2800
1631095,Jabari Smith Jr.,2022-23,-10.99,-3.72,-7.27,2456
1631095,Jabari Smith Jr.,2023-24,-0.67,6.13,-6.8,2419
1631096,Chet Holmgren,2023-24,8.6,6.39,2.22,2416
1631097,Bennedict Mathurin,2022-23,-3.09,-0.33,-2.76,2220
1631097,Bennedict Mathurin,2023-24,-1.64,7.95,-9.6,1540
1631098,Johnny Davis,2022-23,-6.54,-0.25,-6.29,418
1631098,Johnny Davis,2023-24,-10.16,-7.57,-2.6,617
1631099,Keegan Murray,2022-23,3.05,3.97,-0.92,2380
1631099,Keegan Murray,2023-24,2.6,0.41,2.19,2582
1631100,AJ Griffin,2022-23,2.4,-0.7,3.1,1399
1631100,AJ Griffin,2023-24,-13.16,-0.79,-12.37,172
1631101,Shaedon Sharpe,2022-23,-7.21,-0.14,-7.07,1781
1631101,Shaedon Sharpe,2023-24,-9.93,-7.57,-2.36,1067
1631102,TyTy Washington Jr.,2022-23,-6.35,-8.47,2.11,434
1631102,TyTy Washington Jr.,2023-24,-10.4,2.59,-12.99,55
1631103,Malaki Branham,2022-23,-10.52,-7.93,-2.58,1546
1631103,Malaki Branham,2023-24,-10.43,-3.62,-6.81,1589
1631104,Blake Wesley,2022-23,-13.12,-8.09,-5.03,672
1631104,Blake Wesley,2023-24,-6.68,-6.26,-0.43,880
1631105,Jalen Duren,2022-23,-8.34,-7.65,-0.69,1672
1631105,Jalen Duren,2023-24,-6.91,-8.6,1.69,1773
1631106,Tari Eason,2022-23,-4.65,-11.13,6.48,1770
1631106,Tari Eason,2023-24,10.82,0.77,10.05,478
1631107,Nikola Jović,2023-24,8.07,-0.45,8.52,898
1631108,Max Christie,2022-23,-7.26,1.78,-9.03,511
1631108,Max Christie,2023-24,-1.55,0.56,-2.11,947
1631109,Mark Williams,2022-23,-5.12,-5.29,0.17,828
1631109,Mark Williams,2023-24,-1.36,-10.68,9.33,508
1631110,Jeremy Sochan,2022-23,-6.01,-10.63,4.62,1450
1631110,Jeremy Sochan,2023-24,-7.31,-5.17,-2.13,2189
1631111,ID_1631111,2022-23,-15.72,1.18,-16.9,153
1631111,ID_1631111,2023-24,-5.19,6.86,-12.05,77
1631112,ID_1631112,2022-23,6.96,-1.97,8.93,39
1631112,ID_1631112,2023-24,-17.57,4.55,-22.13,62
1631113,ID_1631113,2022-23,-5.82,4.77,-10.59,283
1631114,Jalen Williams,2022-23,-0.31,4.32,-4.64,2278
1631114,Jalen Williams,2023-24,8.41,6.88,1.53,2231
1631115,Orlando Robinson,2023-24,3.96,1.29,2.67,304
1631116,Patrick Baldwin Jr.,2022-23,-12.8,2.77,-15.57,226
1631116,Patrick Baldwin Jr.,2023-24,-2.59,-8.74,6.14,492
1631117,Walker Kessler,2022-23,2.49,-2.78,5.27,1704
1631117,Walker Kessler,2023-24,-4.62,-4.96,0.34,1500
1631119,Jaylin Williams,2022-23,-3.48,3.2,-6.68,916
1631119,Jaylin Williams,2023-24,7.58,7.78,-0.2,901
1631120,ID_1631120,2022-23,-4.46,7.99,-12.45,67
1631120,ID_1631120,2023-24,37.52,11.48,26.04,39
1631121,Bryce McGowens,2022-23,-8.36,-4.47,-3.89,793
1631121,Bryce McGowens,2023-24,-11.4,-8.93,-2.47,878
1631123,ID_1631123,2023-24,-7.58,-7.47,-0.12,96
1631124,Julian Strawther,2023-24,-9.28,7.69,-16.97,549
1631128,Christian Braun,2022-23,-4.74,5.77,-10.5,1190
1631128,Christian Braun,2023-24,1.03,8.43,-7.4,1653
1631131,ID_1631131,2023-24,16.53,4.07,12.46,42
1631132,Christian Koloko,2022-23,10.16,-0.78,10.94,807
1631133,Jabari Walker,2022-23,-8.26,-2.41,-5.85,624
1631133,Jabari Walker,2023-24,-8.52,-7.96,-0.56,1713
1631157,ID_1631157,2022-23,-34.23,2.43,-36.66,59
1631157,ID_1631157,2023-24,37.38,-8.73,46.12,65
1631159,ID_1631159,2023-24,0.66,6.7,-6.05,54
1631160,ID_1631160,2022-23,-14.53,-8.82,-5.7,83
1631165,Keon Ellis,2022-23,-10.9,3.68,-14.58,71
1631165,Keon Ellis,2023-24,5.75,0.56,5.19,975
1631169,ID_1631169,2022-23,12.19,0.24,11.95,96
1631169,ID_1631169,2023-24,8.24,6.58,1.66,94
1631170,Jaime Jaquez Jr.,2023-24,2.61,0.2,2.41,2113
1631172,Ousmane Dieng,2022-23,5.2,1.07,4.13,567
1631172,Ousmane Dieng,2023-24,2.19,8.31,-6.11,373
1631173,ID_1631173,2023-24,3.45,3.9,-0.45,84
1631197,ID_1631197,2022-23,5.32,-8.63,13.95,196
1631197,ID_1631197,2023-24,-9.63,-7.72,-1.91,244
1631199,ID_1631199,2022-23,18.83,1.23,17.6,49
1631200,Kris Murray,2023-24,-5.52,-9.59,4.07,1356
1631204,Marcus Sasser,2023-24,-8.2,-7.65,-0.55,1359
1631205,ID_1631205,2022-23,5.01,-8.24,13.25,89
1631205,ID_1631205,2023-24,8.25,-8.18,16.43,82
1631207,Dalen Terry,2022-23,2.16,1.86,0.3,211
1631207,Dalen Terry,2023-24,2.96,-1.63,4.59,678
1631210,ID_1631210,2023-24,-25.97,4.7,-30.67,35
1631212,Peyton Watson,2022-23,-12.25,3.34,-15.59,185
1631212,Peyton Watson,2023-24,-0.19,8.66,-8.85,1485
1631213,ID_1631213,2022-23,2.87,0.35,2.52,68
1631216,Caleb Houstan,2022-23,-5.38,-0.7,-4.68,808
1631216,Caleb Houstan,2023-24,-0.83,3.16,-3.99,814
1631217,ID_1631217,2022-23,-3.72,1.88,-5.6,196
1631217,ID_1631217,2023-24,0.2,3.3,-3.1,63
1631218,Trayce Jackson-Davis,2023-24,0.78,2.57,-1.79,1125
1631219,ID_1631219,2022-23,-18.21,-2.45,-15.76,222
1631220,ID_1631220,2023-24,29.33,3.86,25.47,57
1631221,ID_1631221,2023-24,5.98,5.28,0.7,225
1631222,Jake LaRavia,2022-23,-8.78,5.53,-14.31,417
1631222,Jake LaRavia,2023-24,-3.46,-5.77,2.31,813
1631223,David Roddy,2022-23,-1.93,6.81,-8.74,1263
1631223,David Roddy,2023-24,-7.47,-4.16,-3.31,1177
1631230,Dominick Barlow,2022-23,-8.66,-8.97,0.31,408
1631230,Dominick Barlow,2023-24,-4.78,-6.54,1.76,417
1631241,Javon Freeman-Liberty,2023-24,-17.24,-4.27,-12.97,401
1631243,ID_1631243,2023-24,-22.88,-0.93,-21.96,73
1631245,ID_1631245,2022-23,-4.98,-0.77,-4.21,136
1631246,Vince Williams Jr.,2022-23,-13.21,4.48,-17.69,104
1631246,Vince Williams Jr.,2023-24,-1.67,-7.36,5.69,1437
1631250,ID_1631250,2023-24,-44.06,2.59,-46.65,28
1631254,ID_1631254,2022-23,-11.8,4.75,-16.55,175
1631254,ID_1631254,2023-24,0.45,-5.21,5.66,191
1631257,ID_1631257,2023-24,-7.49,2.13,-9.61,61
1631260,AJ Green,2022-23,-5.54,2.04,-7.57,338
1631260,AJ Green,2023-24,4.2,2.08,2.12,616
1631262,ID_1631262,2023-24,10.49,-8.7,19.19,150
1631288,Jamal Cain,2023-24,-1.06,1.67,-2.73,255
1631298,ID_1631298,2022-23,-12.84,2.87,-15.71,66
1631298,ID_1631298,2023-24,-19.79,-5.07,-14.72,63
1631303,Justin Minaya,2022-23,-19.18,-2.97,-16.2,89
1631303,Justin Minaya,2023-24,-8.84,-8.14,-0.71,380
1631306,ID_1631306,2022-23,2.12,0.6,1.52,40
1631306,ID_1631306,2023-24,-11.91,1.8,-13.71,88
1631309,ID_1631309,2022-23,10.37,-8.38,18.75,30
1631311,Lester Quinones,2023-24,0.39,2.25,-1.86,394
1631321,ID_1631321,2023-24,8.12,-6.89,15,141
1631323,Simone Fontecchio,2022-23,-13.42,2.59,-16.02,770
1631323,Simone Fontecchio,2023-24,-1.34,-7.14,5.8,1640
1631338,ID_1631338,2023-24,-30.18,-4.82,-25.36,119
1631367,Jacob Gilyard,2022-23,-12.9,4.19,-17.09,40
1631367,Jacob Gilyard,2023-24,-10.41,-4.16,-6.24,704
1631386,ID_1631386,2023-24,-28.5,-7.99,-20.51,41
1631466,ID_1631466,2022-23,-10.82,-3.09,-7.74,128
1631466,ID_1631466,2023-24,9.3,1.74,7.57,127
1641645,ID_1641645,2022-23,8.54,-1.23,9.77,127
1641705,Victor Wembanyama,2023-24,-4.07,-8.93,4.85,2103
1641706,Brandon Miller,2023-24,-9.8,-9,-0.8,2382
1641707,Taylor Hendricks,2023-24,-7.68,-4.04,-3.64,857
1641708,Amen Thompson,2023-24,2.6,1.64,0.96,1388
1641709,Ausar Thompson,2023-24,-4.57,-10.03,5.46,1582
1641710,Anthony Black,2023-24,-1.11,3.77,-4.88,1163
1641711,Gradey Dick,2023-24,-12.46,-2.34,-10.12,1270
1641712,Rayan Rupert,2023-24,-10,-7.86,-2.13,637
1641713,GG Jackson,2023-24,-4.93,-5.47,0.54,1239
1641715,Cam Whitmore,2023-24,-1.84,3.07,-4.91,879
1641716,Jarace Walker,2023-24,4.97,4.13,0.84,340
1641717,Cason Wallace,2023-24,5.31,9.54,-4.23,1695
1641718,Keyonte George,2023-24,-8.68,-0.81,-7.86,2022
1641720,ID_1641720,2023-24,-23.07,0.71,-23.78,109
1641721,ID_1641721,2023-24,-31.19,0.86,-32.05,100
1641722,Jordan Hawkins,2023-24,-0.11,6.06,-6.17,1173
1641723,ID_1641723,2023-24,-6.4,-1.07,-5.34,195
1641724,ID_1641724,2023-24,3.13,2.32,0.81,65
1641726,Dereck Lively II,2023-24,5.65,1.18,4.47,1293
1641727,ID_1641727,2023-24,-39.22,-2.19,-37.03,22
1641729,Brice Sensabaugh,2023-24,-13.08,-3.4,-9.68,585
1641730,Noah Clowney,2023-24,-6.22,-2,-4.22,370
1641731,Bilal Coulibaly,2023-24,-9.99,-6.42,-3.57,1716
1641732,ID_1641732,2023-24,0.94,1.88,-0.94,193
1641733,Nick Smith Jr.,2023-24,-11.39,-9.05,-2.35,729
1641734,ID_1641734,2023-24,-31.8,3.47,-35.27,136
1641735,ID_1641735,2023-24,8.04,-9.77,17.81,64
1641738,ID_1641738,2023-24,-11.46,4.87,-16.34,392
1641739,Toumani Camara,2023-24,-3.48,-11.88,8.39,1744
1641741,ID_1641741,2023-24,0.86,4.12,-3.27,284
1641748,Andre Jackson Jr.,2023-24,-5.86,3.8,-9.66,572
1641749,ID_1641749,2023-24,-7.51,8,-15.51,67
1641753,ID_1641753,2023-24,-9.34,2.69,-12.04,92
1641754,ID_1641754,2023-24,-8.43,-1.23,-7.2,53
1641757,ID_1641757,2023-24,-28.75,3.48,-32.23,28
1641763,ID_1641763,2023-24,1.34,-1.04,2.38,317
1641764,Brandin Podziemski,2023-24,5.65,-1.46,7.11,1964
1641765,ID_1641765,2023-24,-14.05,4.21,-18.26,338
1641766,ID_1641766,2023-24,21.69,-1.22,22.91,65
1641767,Ben Sheppard,2023-24,7.62,3.31,4.31,817
1641771,ID_1641771,2023-24,-10.42,1.94,-12.36,36
1641774,ID_1641774,2023-24,12.11,-8.79,20.89,154
1641775,ID_1641775,2023-24,36.12,11.21,24.91,84
1641778,Leaky Black,2023-24,-4.31,-9.88,5.57,282
1641787,ID_1641787,2023-24,-15.36,-6.77,-8.59,366
1641788,ID_1641788,2023-24,-27.02,2.86,-29.88,28
1641793,ID_1641793,2023-24,-41.79,0.48,-42.27,40
1641809,ID_1641809,2023-24,31.01,11.63,19.38,23
1641816,ID_1641816,2023-24,8.7,5.28,3.42,47
1641851,ID_1641851,2023-24,-21.17,-4.78,-16.4,127
1641854,Craig Porter Jr.,2023-24,-2.07,3.12,-5.18,655
1641871,Duop Reath,2023-24,-6.38,-9.01,2.63,1216
1641877,Nathan Mensah,2023-24,-17.62,-8.79,-8.83,307
1641926,ID_1641926,2023-24,-13.09,2.76,-15.86,29
1641931,Onuralp Bitim,2023-24,-6.41,-0.45,-5.96,265
1641970,ID_1641970,2023-24,4.22,-5.61,9.83,126
1641998,Trey Jemison III,2023-24,-5.9,-5.2,-0.7,573
1642013,ID_1642013,2023-24,-22.67,-5.1,-17.57,109
